file,line,type,commit,author,date,time,timezone,datetime,depth,length
style.css,1,css,dcf11255,Zach,2025-01-18,21:06:19,-08:00,2025-01-18T21:06:19-08:00,0,6
style.css,2,css,c8e19cb2,Zach,2025-02-07,23:38:46,-08:00,2025-02-07T23:38:46-08:00,0,32
style.css,3,css,c8e19cb2,Zach,2025-02-07,23:38:46,-08:00,2025-02-07T23:38:46-08:00,0,33
style.css,4,css,dcf11255,Zach,2025-01-18,21:06:19,-08:00,2025-01-18T21:06:19-08:00,0,0
style.css,5,css,dcf11255,Zach,2025-01-18,21:06:19,-08:00,2025-01-18T21:06:19-08:00,0,0
style.css,6,css,dcf11255,Zach,2025-01-18,21:06:19,-08:00,2025-01-18T21:06:19-08:00,0,5
style.css,7,css,c8e19cb2,Zach,2025-02-07,23:38:46,-08:00,2025-02-07T23:38:46-08:00,0,16
style.css,8,css,c8e19cb2,Zach,2025-02-07,23:38:46,-08:00,2025-02-07T23:38:46-08:00,0,14
style.css,9,css,c8e19cb2,Zach,2025-02-07,23:38:46,-08:00,2025-02-07T23:38:46-08:00,0,12
style.css,10,css,dcf11255,Zach,2025-01-18,21:06:19,-08:00,2025-01-18T21:06:19-08:00,0,43
style.css,11,css,dcf11255,Zach,2025-01-18,21:06:19,-08:00,2025-01-18T21:06:19-08:00,0,24
style.css,12,css,dcf11255,Zach,2025-01-18,21:06:19,-08:00,2025-01-18T21:06:19-08:00,0,0
style.css,13,css,dcf11255,Zach,2025-01-18,21:06:19,-08:00,2025-01-18T21:06:19-08:00,0,0
style.css,14,css,dcf11255,Zach,2025-01-18,21:06:19,-08:00,2025-01-18T21:06:19-08:00,0,5
style.css,15,css,c8e19cb2,Zach,2025-02-07,23:38:46,-08:00,2025-02-07T23:38:46-08:00,0,13
style.css,16,css,c8e19cb2,Zach,2025-02-07,23:38:46,-08:00,2025-02-07T23:38:46-08:00,0,31
style.css,17,css,c8e19cb2,Zach,2025-02-07,23:38:46,-08:00,2025-02-07T23:38:46-08:00,0,8
style.css,18,css,c8e19cb2,Zach,2025-02-07,23:38:46,-08:00,2025-02-07T23:38:46-08:00,0,19
style.css,19,css,c8e19cb2,Zach,2025-02-07,23:38:46,-08:00,2025-02-07T23:38:46-08:00,0,16
style.css,20,css,c8e19cb2,Zach,2025-02-07,23:38:46,-08:00,2025-02-07T23:38:46-08:00,0,14
style.css,21,css,dcf11255,Zach,2025-01-18,21:06:19,-08:00,2025-01-18T21:06:19-08:00,0,0
style.css,22,css,dcf11255,Zach,2025-01-18,21:06:19,-08:00,2025-01-18T21:06:19-08:00,0,0
style.css,23,css,dcf11255,Zach,2025-01-18,21:06:19,-08:00,2025-01-18T21:06:19-08:00,0,11
style.css,24,css,c8e19cb2,Zach,2025-02-07,23:38:46,-08:00,2025-02-07T23:38:46-08:00,0,18
style.css,25,css,c8e19cb2,Zach,2025-02-07,23:38:46,-08:00,2025-02-07T23:38:46-08:00,0,17
style.css,26,css,c8e19cb2,Zach,2025-02-07,23:38:46,-08:00,2025-02-07T23:38:46-08:00,0,17
style.css,27,css,dcf11255,Zach,2025-01-18,21:06:19,-08:00,2025-01-18T21:06:19-08:00,0,0
style.css,28,css,dcf11255,Zach,2025-01-18,21:06:19,-08:00,2025-01-18T21:06:19-08:00,0,0
style.css,29,css,c8e19cb2,Zach,2025-02-07,23:38:46,-08:00,2025-02-07T23:38:46-08:00,0,10
style.css,30,css,c8e19cb2,Zach,2025-02-07,23:38:46,-08:00,2025-02-07T23:38:46-08:00,0,13
style.css,31,css,c8e19cb2,Zach,2025-02-07,23:38:46,-08:00,2025-02-07T23:38:46-08:00,0,12
style.css,32,css,c8e19cb2,Zach,2025-02-07,23:38:46,-08:00,2025-02-07T23:38:46-08:00,0,18
style.css,33,css,c8e19cb2,Zach,2025-02-07,23:38:46,-08:00,2025-02-07T23:38:46-08:00,0,11
style.css,34,css,c8e19cb2,Zach,2025-02-07,23:38:46,-08:00,2025-02-07T23:38:46-08:00,0,22
style.css,35,css,c8e19cb2,Zach,2025-02-07,23:38:46,-08:00,2025-02-07T23:38:46-08:00,0,14
style.css,36,css,c8e19cb2,Zach,2025-02-07,23:38:46,-08:00,2025-02-07T23:38:46-08:00,0,22
style.css,37,css,c8e19cb2,Zach,2025-02-07,23:38:46,-08:00,2025-02-07T23:38:46-08:00,0,18
style.css,38,css,c8e19cb2,Zach,2025-02-07,23:38:46,-08:00,2025-02-07T23:38:46-08:00,0,13
style.css,39,css,dcf11255,Zach,2025-01-18,21:06:19,-08:00,2025-01-18T21:06:19-08:00,0,0
style.css,40,css,dcf11255,Zach,2025-01-18,21:06:19,-08:00,2025-01-18T21:06:19-08:00,0,0
style.css,41,css,dcf11255,Zach,2025-01-18,21:06:19,-08:00,2025-01-18T21:06:19-08:00,0,12
style.css,42,css,c8e19cb2,Zach,2025-02-07,23:38:46,-08:00,2025-02-07T23:38:46-08:00,0,19
style.css,43,css,c8e19cb2,Zach,2025-02-07,23:38:46,-08:00,2025-02-07T23:38:46-08:00,0,20
style.css,44,css,c8e19cb2,Zach,2025-02-07,23:38:46,-08:00,2025-02-07T23:38:46-08:00,0,37
style.css,45,css,c8e19cb2,Zach,2025-02-07,23:38:46,-08:00,2025-02-07T23:38:46-08:00,0,12
style.css,46,css,c8e19cb2,Zach,2025-02-07,23:38:46,-08:00,2025-02-07T23:38:46-08:00,0,21
style.css,47,css,c8e19cb2,Zach,2025-02-07,23:38:46,-08:00,2025-02-07T23:38:46-08:00,0,12
style.css,48,css,c8e19cb2,Zach,2025-02-07,23:38:46,-08:00,2025-02-07T23:38:46-08:00,0,18
style.css,49,css,c8e19cb2,Zach,2025-02-07,23:38:46,-08:00,2025-02-07T23:38:46-08:00,0,15
style.css,50,css,dcf11255,Zach,2025-01-18,21:06:19,-08:00,2025-01-18T21:06:19-08:00,0,0
style.css,51,css,dcf11255,Zach,2025-01-18,21:06:19,-08:00,2025-01-18T21:06:19-08:00,0,0
style.css,52,css,dcf11255,Zach,2025-01-18,21:06:19,-08:00,2025-01-18T21:06:19-08:00,0,18
style.css,53,css,c8e19cb2,Zach,2025-02-07,23:38:46,-08:00,2025-02-07T23:38:46-08:00,0,34
style.css,54,css,dcf11255,Zach,2025-01-18,21:06:19,-08:00,2025-01-18T21:06:19-08:00,0,0
style.css,55,css,dcf11255,Zach,2025-01-18,21:06:19,-08:00,2025-01-18T21:06:19-08:00,0,0
style.css,56,css,dcf11255,Zach,2025-01-18,21:06:19,-08:00,2025-01-18T21:06:19-08:00,0,4
style.css,57,css,c8e19cb2,Zach,2025-02-07,23:38:46,-08:00,2025-02-07T23:38:46-08:00,0,13
style.css,58,css,c8e19cb2,Zach,2025-02-07,23:38:46,-08:00,2025-02-07T23:38:46-08:00,0,30
style.css,59,css,c8e19cb2,Zach,2025-02-07,23:38:46,-08:00,2025-02-07T23:38:46-08:00,0,19
style.css,60,css,c8e19cb2,Zach,2025-02-07,23:38:46,-08:00,2025-02-07T23:38:46-08:00,0,18
style.css,61,css,c8e19cb2,Zach,2025-02-07,23:38:46,-08:00,2025-02-07T23:38:46-08:00,0,42
style.css,62,css,dcf11255,Zach,2025-01-18,21:06:19,-08:00,2025-01-18T21:06:19-08:00,0,0
style.css,63,css,dcf11255,Zach,2025-01-18,21:06:19,-08:00,2025-01-18T21:06:19-08:00,0,0
style.css,64,css,dcf11255,Zach,2025-01-18,21:06:19,-08:00,2025-01-18T21:06:19-08:00,0,7
style.css,65,css,c8e19cb2,Zach,2025-02-07,23:38:46,-08:00,2025-02-07T23:38:46-08:00,0,17
style.css,66,css,dcf11255,Zach,2025-01-18,21:06:19,-08:00,2025-01-18T21:06:19-08:00,0,0
style.css,67,css,dcf11255,Zach,2025-01-18,21:06:19,-08:00,2025-01-18T21:06:19-08:00,0,0
style.css,68,css,dcf11255,Zach,2025-01-18,21:06:19,-08:00,2025-01-18T21:06:19-08:00,0,7
style.css,69,css,c8e19cb2,Zach,2025-02-07,23:38:46,-08:00,2025-02-07T23:38:46-08:00,0,17
style.css,70,css,dcf11255,Zach,2025-01-18,21:06:19,-08:00,2025-01-18T21:06:19-08:00,0,0
style.css,71,css,dcf11255,Zach,2025-01-18,21:06:19,-08:00,2025-01-18T21:06:19-08:00,0,0
style.css,72,css,dcf11255,Zach,2025-01-18,21:06:19,-08:00,2025-01-18T21:06:19-08:00,0,6
style.css,73,css,c8e19cb2,Zach,2025-02-07,23:38:46,-08:00,2025-02-07T23:38:46-08:00,0,21
style.css,74,css,c8e19cb2,Zach,2025-02-07,23:38:46,-08:00,2025-02-07T23:38:46-08:00,0,14
style.css,75,css,c8e19cb2,Zach,2025-02-07,23:38:46,-08:00,2025-02-07T23:38:46-08:00,0,14
style.css,76,css,c8e19cb2,Zach,2025-02-07,23:38:46,-08:00,2025-02-07T23:38:46-08:00,0,18
style.css,77,css,dcf11255,Zach,2025-01-18,21:06:19,-08:00,2025-01-18T21:06:19-08:00,0,0
style.css,78,css,dcf11255,Zach,2025-01-18,21:06:19,-08:00,2025-01-18T21:06:19-08:00,0,0
style.css,79,css,dcf11255,Zach,2025-01-18,21:06:19,-08:00,2025-01-18T21:06:19-08:00,0,14
style.css,80,css,c8e19cb2,Zach,2025-02-07,23:38:46,-08:00,2025-02-07T23:38:46-08:00,0,44
style.css,81,css,c8e19cb2,Zach,2025-02-07,23:38:46,-08:00,2025-02-07T23:38:46-08:00,0,21
style.css,82,css,c8e19cb2,Zach,2025-02-07,23:38:46,-08:00,2025-02-07T23:38:46-08:00,0,17
style.css,83,css,dcf11255,Zach,2025-01-18,21:06:19,-08:00,2025-01-18T21:06:19-08:00,0,0
style.css,84,css,dcf11255,Zach,2025-01-18,21:06:19,-08:00,2025-01-18T21:06:19-08:00,0,0
style.css,85,css,dcf11255,Zach,2025-01-18,21:06:19,-08:00,2025-01-18T21:06:19-08:00,0,12
style.css,86,css,c8e19cb2,Zach,2025-02-07,23:38:46,-08:00,2025-02-07T23:38:46-08:00,0,46
style.css,87,css,dcf11255,Zach,2025-01-18,21:06:19,-08:00,2025-01-18T21:06:19-08:00,0,0
style.css,88,css,dcf11255,Zach,2025-01-18,21:06:19,-08:00,2025-01-18T21:06:19-08:00,0,0
style.css,89,css,dcf11255,Zach,2025-01-18,21:06:19,-08:00,2025-01-18T21:06:19-08:00,0,10
style.css,90,css,c8e19cb2,Zach,2025-02-07,23:38:46,-08:00,2025-02-07T23:38:46-08:00,0,13
style.css,91,css,c8e19cb2,Zach,2025-02-07,23:38:46,-08:00,2025-02-07T23:38:46-08:00,0,59
style.css,92,css,c8e19cb2,Zach,2025-02-07,23:38:46,-08:00,2025-02-07T23:38:46-08:00,0,8
style.css,93,css,c8e19cb2,Zach,2025-02-07,23:38:46,-08:00,2025-02-07T23:38:46-08:00,0,12
style.css,94,css,c8e19cb2,Zach,2025-02-07,23:38:46,-08:00,2025-02-07T23:38:46-08:00,0,60
style.css,95,css,c8e19cb2,Zach,2025-02-07,23:38:46,-08:00,2025-02-07T23:38:46-08:00,0,64
style.css,96,css,dcf11255,Zach,2025-01-18,21:06:19,-08:00,2025-01-18T21:06:19-08:00,0,0
style.css,97,css,dcf11255,Zach,2025-01-18,21:06:19,-08:00,2025-01-18T21:06:19-08:00,0,0
style.css,98,css,dcf11255,Zach,2025-01-18,21:06:19,-08:00,2025-01-18T21:06:19-08:00,0,18
style.css,99,css,c8e19cb2,Zach,2025-02-07,23:38:46,-08:00,2025-02-07T23:38:46-08:00,0,13
style.css,100,css,c8e19cb2,Zach,2025-02-07,23:38:46,-08:00,2025-02-07T23:38:46-08:00,0,8
style.css,101,css,c8e19cb2,Zach,2025-02-07,23:38:46,-08:00,2025-02-07T23:38:46-08:00,0,19
style.css,102,css,c8e19cb2,Zach,2025-02-07,23:38:46,-08:00,2025-02-07T23:38:46-08:00,0,12
style.css,103,css,c8e19cb2,Zach,2025-02-07,23:38:46,-08:00,2025-02-07T23:38:46-08:00,0,22
style.css,104,css,c8e19cb2,Zach,2025-02-07,23:38:46,-08:00,2025-02-07T23:38:46-08:00,0,18
style.css,105,css,dcf11255,Zach,2025-01-18,21:06:19,-08:00,2025-01-18T21:06:19-08:00,0,0
style.css,106,css,dcf11255,Zach,2025-01-18,21:06:19,-08:00,2025-01-18T21:06:19-08:00,0,0
style.css,107,css,dcf11255,Zach,2025-01-18,21:06:19,-08:00,2025-01-18T21:06:19-08:00,0,13
style.css,108,css,c8e19cb2,Zach,2025-02-07,23:38:46,-08:00,2025-02-07T23:38:46-08:00,0,9
style.css,109,css,c8e19cb2,Zach,2025-02-07,23:38:46,-08:00,2025-02-07T23:38:46-08:00,0,16
style.css,110,css,c8e19cb2,Zach,2025-02-07,23:38:46,-08:00,2025-02-07T23:38:46-08:00,0,16
style.css,111,css,dcf11255,Zach,2025-01-18,21:06:19,-08:00,2025-01-18T21:06:19-08:00,0,0
style.css,112,css,dcf11255,Zach,2025-01-18,21:06:19,-08:00,2025-01-18T21:06:19-08:00,0,0
style.css,113,css,dcf11255,Zach,2025-01-18,21:06:19,-08:00,2025-01-18T21:06:19-08:00,0,14
style.css,114,css,c8e19cb2,Zach,2025-02-07,23:38:46,-08:00,2025-02-07T23:38:46-08:00,0,15
style.css,115,css,c8e19cb2,Zach,2025-02-07,23:38:46,-08:00,2025-02-07T23:38:46-08:00,0,12
style.css,116,css,c8e19cb2,Zach,2025-02-07,23:38:46,-08:00,2025-02-07T23:38:46-08:00,0,14
style.css,117,css,dcf11255,Zach,2025-01-18,21:06:19,-08:00,2025-01-18T21:06:19-08:00,0,0
style.css,118,css,dcf11255,Zach,2025-01-18,21:06:19,-08:00,2025-01-18T21:06:19-08:00,0,0
style.css,119,css,dcf11255,Zach,2025-01-18,21:06:19,-08:00,2025-01-18T21:06:19-08:00,0,27
style.css,120,css,dcf11255,Zach,2025-01-18,21:06:19,-08:00,2025-01-18T21:06:19-08:00,0,23
style.css,121,css,c8e19cb2,Zach,2025-02-07,23:38:46,-08:00,2025-02-07T23:38:46-08:00,0,16
style.css,122,css,c8e19cb2,Zach,2025-02-07,23:38:46,-08:00,2025-02-07T23:38:46-08:00,0,18
style.css,123,css,c8e19cb2,Zach,2025-02-07,23:38:46,-08:00,2025-02-07T23:38:46-08:00,0,15
style.css,124,css,dcf11255,Zach,2025-01-18,21:06:19,-08:00,2025-01-18T21:06:19-08:00,0,0
style.css,125,css,dcf11255,Zach,2025-01-18,21:06:19,-08:00,2025-01-18T21:06:19-08:00,0,0
style.css,126,css,dcf11255,Zach,2025-01-18,21:06:19,-08:00,2025-01-18T21:06:19-08:00,0,3
style.css,127,css,c8e19cb2,Zach,2025-02-07,23:38:46,-08:00,2025-02-07T23:38:46-08:00,0,15
style.css,128,css,c8e19cb2,Zach,2025-02-07,23:38:46,-08:00,2025-02-07T23:38:46-08:00,0,17
style.css,129,css,dcf11255,Zach,2025-01-18,21:06:19,-08:00,2025-01-18T21:06:19-08:00,0,0
style.css,130,css,dcf11255,Zach,2025-01-18,21:06:19,-08:00,2025-01-18T21:06:19-08:00,0,0
style.css,131,css,dcf11255,Zach,2025-01-18,21:06:19,-08:00,2025-01-18T21:06:19-08:00,0,3
style.css,132,css,c8e19cb2,Zach,2025-02-07,23:38:46,-08:00,2025-02-07T23:38:46-08:00,0,15
style.css,133,css,dcf11255,Zach,2025-01-18,21:06:19,-08:00,2025-01-18T21:06:19-08:00,0,17
style.css,134,css,dcf11255,Zach,2025-01-18,21:06:19,-08:00,2025-01-18T21:06:19-08:00,0,0
style.css,135,css,dcf11255,Zach,2025-01-18,21:06:19,-08:00,2025-01-18T21:06:19-08:00,0,0
style.css,136,css,dcf11255,Zach,2025-01-18,21:06:19,-08:00,2025-01-18T21:06:19-08:00,0,3
style.css,137,css,dcf11255,Zach,2025-01-18,21:06:19,-08:00,2025-01-18T21:06:19-08:00,0,15
style.css,138,css,dcf11255,Zach,2025-01-18,21:06:19,-08:00,2025-01-18T21:06:19-08:00,0,17
style.css,139,css,dcf11255,Zach,2025-01-18,21:06:19,-08:00,2025-01-18T21:06:19-08:00,0,0
style.css,140,css,dcf11255,Zach,2025-01-18,21:06:19,-08:00,2025-01-18T21:06:19-08:00,0,0
style.css,141,css,4cf2a328,Zach,2025-01-24,13:51:26,-08:00,2025-01-24T13:51:26-08:00,0,40
style.css,142,css,4cf2a328,Zach,2025-01-24,13:51:26,-08:00,2025-01-24T13:51:26-08:00,0,6
style.css,143,css,c8e19cb2,Zach,2025-02-07,23:38:46,-08:00,2025-02-07T23:38:46-08:00,0,24
style.css,144,css,c8e19cb2,Zach,2025-02-07,23:38:46,-08:00,2025-02-07T23:38:46-08:00,0,0
style.css,145,css,c8e19cb2,Zach,2025-02-07,23:38:46,-08:00,2025-02-07T23:38:46-08:00,0,0
style.css,146,css,c8e19cb2,Zach,2025-02-07,23:38:46,-08:00,2025-02-07T23:38:46-08:00,0,5
style.css,147,css,c8e19cb2,Zach,2025-02-07,23:38:46,-08:00,2025-02-07T23:38:46-08:00,0,24
style.css,148,css,c8e19cb2,Zach,2025-02-07,23:38:46,-08:00,2025-02-07T23:38:46-08:00,0,17
style.css,149,css,c8e19cb2,Zach,2025-02-07,23:38:46,-08:00,2025-02-07T23:38:46-08:00,0,0
style.css,150,css,c8e19cb2,Zach,2025-02-07,23:38:46,-08:00,2025-02-07T23:38:46-08:00,0,0
style.css,151,css,c8e19cb2,Zach,2025-02-07,23:38:46,-08:00,2025-02-07T23:38:46-08:00,0,4
style.css,152,css,4cf2a328,Zach,2025-01-24,13:51:26,-08:00,2025-01-24T13:51:26-08:00,0,40
style.css,153,css,4cf2a328,Zach,2025-01-24,13:51:26,-08:00,2025-01-24T13:51:26-08:00,0,44
style.css,154,css,c8e19cb2,Zach,2025-02-07,23:38:46,-08:00,2025-02-07T23:38:46-08:00,0,0
style.css,155,css,c8e19cb2,Zach,2025-02-07,23:38:46,-08:00,2025-02-07T23:38:46-08:00,0,0
style.css,156,css,c8e19cb2,Zach,2025-02-07,23:38:46,-08:00,2025-02-07T23:38:46-08:00,0,12
style.css,157,css,4cf2a328,Zach,2025-01-24,13:51:26,-08:00,2025-01-24T13:51:26-08:00,0,70
style.css,158,css,c8e19cb2,Zach,2025-02-07,23:38:46,-08:00,2025-02-07T23:38:46-08:00,0,0
style.css,159,css,4cf2a328,Zach,2025-01-24,13:51:26,-08:00,2025-01-24T13:51:26-08:00,0,0
style.css,160,css,4cf2a328,Zach,2025-01-24,13:51:26,-08:00,2025-01-24T13:51:26-08:00,0,14
style.css,161,css,4cf2a328,Zach,2025-01-24,13:51:26,-08:00,2025-01-24T13:51:26-08:00,0,18
style.css,162,css,4cf2a328,Zach,2025-01-24,13:51:26,-08:00,2025-01-24T13:51:26-08:00,0,9
style.css,163,css,4cf2a328,Zach,2025-01-24,13:51:26,-08:00,2025-01-24T13:51:26-08:00,0,11
style.css,164,css,4cf2a328,Zach,2025-01-24,13:51:26,-08:00,2025-01-24T13:51:26-08:00,0,14
style.css,165,css,4cf2a328,Zach,2025-01-24,13:51:26,-08:00,2025-01-24T13:51:26-08:00,0,20
style.css,166,css,c8e19cb2,Zach,2025-02-07,23:38:46,-08:00,2025-02-07T23:38:46-08:00,0,0
style.css,167,css,c8e19cb2,Zach,2025-02-07,23:38:46,-08:00,2025-02-07T23:38:46-08:00,0,0
style.css,168,css,c8e19cb2,Zach,2025-02-07,23:38:46,-08:00,2025-02-07T23:38:46-08:00,0,21
style.css,169,css,4cf2a328,Zach,2025-01-24,13:51:26,-08:00,2025-01-24T13:51:26-08:00,0,20
style.css,170,css,c8e19cb2,Zach,2025-02-07,23:38:46,-08:00,2025-02-07T23:38:46-08:00,0,0
style.css,171,css,4abac790,Zach,2025-02-02,23:39:30,-08:00,2025-02-02T23:39:30-08:00,0,0
style.css,172,css,c8e19cb2,Zach,2025-02-07,23:38:46,-08:00,2025-02-07T23:38:46-08:00,0,14
style.css,173,css,4abac790,Zach,2025-02-02,23:39:30,-08:00,2025-02-02T23:39:30-08:00,0,16
style.css,174,css,4abac790,Zach,2025-02-02,23:39:30,-08:00,2025-02-02T23:39:30-08:00,0,13
style.css,175,css,4abac790,Zach,2025-02-02,23:39:30,-08:00,2025-02-02T23:39:30-08:00,0,25
style.css,176,css,4abac790,Zach,2025-02-02,23:39:30,-08:00,2025-02-02T23:39:30-08:00,0,18
style.css,177,css,c8e19cb2,Zach,2025-02-07,23:38:46,-08:00,2025-02-07T23:38:46-08:00,0,0
style.css,178,css,c8e19cb2,Zach,2025-02-07,23:38:46,-08:00,2025-02-07T23:38:46-08:00,0,0
style.css,179,css,c8e19cb2,Zach,2025-02-07,23:38:46,-08:00,2025-02-07T23:38:46-08:00,0,3
style.css,180,css,4abac790,Zach,2025-02-02,23:39:30,-08:00,2025-02-02T23:39:30-08:00,0,13
style.css,181,css,4abac790,Zach,2025-02-02,23:39:30,-08:00,2025-02-02T23:39:30-08:00,0,38
style.css,182,css,4abac790,Zach,2025-02-02,23:39:30,-08:00,2025-02-02T23:39:30-08:00,0,18
style.css,183,css,c8e19cb2,Zach,2025-02-07,23:38:46,-08:00,2025-02-07T23:38:46-08:00,0,0
style.css,184,css,c8e19cb2,Zach,2025-02-07,23:38:46,-08:00,2025-02-07T23:38:46-08:00,0,0
style.css,185,css,c8e19cb2,Zach,2025-02-07,23:38:46,-08:00,2025-02-07T23:38:46-08:00,0,3
style.css,186,css,4abac790,Zach,2025-02-02,23:39:30,-08:00,2025-02-02T23:39:30-08:00,0,17
style.css,187,css,c8e19cb2,Zach,2025-02-07,23:38:46,-08:00,2025-02-07T23:38:46-08:00,0,0
style.css,188,css,c8e19cb2,Zach,2025-02-07,23:38:46,-08:00,2025-02-07T23:38:46-08:00,0,0
style.css,189,css,c8e19cb2,Zach,2025-02-07,23:38:46,-08:00,2025-02-07T23:38:46-08:00,0,3
style.css,190,css,4abac790,Zach,2025-02-02,23:39:30,-08:00,2025-02-02T23:39:30-08:00,0,9
style.css,191,css,c8e19cb2,Zach,2025-02-07,23:38:46,-08:00,2025-02-07T23:38:46-08:00,0,0
style.css,192,css,c8e19cb2,Zach,2025-02-07,23:38:46,-08:00,2025-02-07T23:38:46-08:00,0,0
style.css,193,css,c8e19cb2,Zach,2025-02-07,23:38:46,-08:00,2025-02-07T23:38:46-08:00,0,19
style.css,194,css,c8e19cb2,Zach,2025-02-07,23:38:46,-08:00,2025-02-07T23:38:46-08:00,0,15
style.css,195,css,c8e19cb2,Zach,2025-02-07,23:38:46,-08:00,2025-02-07T23:38:46-08:00,0,17
style.css,196,css,c8e19cb2,Zach,2025-02-07,23:38:46,-08:00,2025-02-07T23:38:46-08:00,0,17
style.css,197,css,c8e19cb2,Zach,2025-02-07,23:38:46,-08:00,2025-02-07T23:38:46-08:00,0,0
style.css,198,css,c8e19cb2,Zach,2025-02-07,23:38:46,-08:00,2025-02-07T23:38:46-08:00,0,0
style.css,199,css,c8e19cb2,Zach,2025-02-07,23:38:46,-08:00,2025-02-07T23:38:46-08:00,0,11
style.css,200,css,c8e19cb2,Zach,2025-02-07,23:38:46,-08:00,2025-02-07T23:38:46-08:00,0,13
style.css,201,css,c8e19cb2,Zach,2025-02-07,23:38:46,-08:00,2025-02-07T23:38:46-08:00,0,19
style.css,202,css,c8e19cb2,Zach,2025-02-07,23:38:46,-08:00,2025-02-07T23:38:46-08:00,0,9
style.css,203,css,c8e19cb2,Zach,2025-02-07,23:38:46,-08:00,2025-02-07T23:38:46-08:00,0,15
style.css,204,css,c8e19cb2,Zach,2025-02-07,23:38:46,-08:00,2025-02-07T23:38:46-08:00,0,23
style.css,205,css,c8e19cb2,Zach,2025-02-07,23:38:46,-08:00,2025-02-07T23:38:46-08:00,0,0
style.css,206,css,c8e19cb2,Zach,2025-02-07,23:38:46,-08:00,2025-02-07T23:38:46-08:00,0,0
style.css,207,css,c8e19cb2,Zach,2025-02-07,23:38:46,-08:00,2025-02-07T23:38:46-08:00,0,8
style.css,208,css,c8e19cb2,Zach,2025-02-07,23:38:46,-08:00,2025-02-07T23:38:46-08:00,0,13
style.css,209,css,c8e19cb2,Zach,2025-02-07,23:38:46,-08:00,2025-02-07T23:38:46-08:00,0,58
style.css,210,css,c8e19cb2,Zach,2025-02-07,23:38:46,-08:00,2025-02-07T23:38:46-08:00,0,9
style.css,211,css,c8e19cb2,Zach,2025-02-07,23:38:46,-08:00,2025-02-07T23:38:46-08:00,0,13
style.css,212,css,c8e19cb2,Zach,2025-02-07,23:38:46,-08:00,2025-02-07T23:38:46-08:00,0,22
style.css,213,css,c8e19cb2,Zach,2025-02-07,23:38:46,-08:00,2025-02-07T23:38:46-08:00,0,19
style.css,214,css,c8e19cb2,Zach,2025-02-07,23:38:46,-08:00,2025-02-07T23:38:46-08:00,0,18
style.css,215,css,c8e19cb2,Zach,2025-02-07,23:38:46,-08:00,2025-02-07T23:38:46-08:00,0,7
style.css,216,css,c8e19cb2,Zach,2025-02-07,23:38:46,-08:00,2025-02-07T23:38:46-08:00,0,16
style.css,217,css,c8e19cb2,Zach,2025-02-07,23:38:46,-08:00,2025-02-07T23:38:46-08:00,0,0
style.css,218,css,c8e19cb2,Zach,2025-02-07,23:38:46,-08:00,2025-02-07T23:38:46-08:00,0,0
style.css,219,css,c8e19cb2,Zach,2025-02-07,23:38:46,-08:00,2025-02-07T23:38:46-08:00,0,11
style.css,220,css,c8e19cb2,Zach,2025-02-07,23:38:46,-08:00,2025-02-07T23:38:46-08:00,0,13
style.css,221,css,c8e19cb2,Zach,2025-02-07,23:38:46,-08:00,2025-02-07T23:38:46-08:00,0,19
style.css,222,css,c8e19cb2,Zach,2025-02-07,23:38:46,-08:00,2025-02-07T23:38:46-08:00,0,8
style.css,223,css,c8e19cb2,Zach,2025-02-07,23:38:46,-08:00,2025-02-07T23:38:46-08:00,0,0
style.css,224,css,c8e19cb2,Zach,2025-02-07,23:38:46,-08:00,2025-02-07T23:38:46-08:00,0,0
style.css,225,css,c8e19cb2,Zach,2025-02-07,23:38:46,-08:00,2025-02-07T23:38:46-08:00,0,16
style.css,226,css,c8e19cb2,Zach,2025-02-07,23:38:46,-08:00,2025-02-07T23:38:46-08:00,0,11
style.css,227,css,c8e19cb2,Zach,2025-02-07,23:38:46,-08:00,2025-02-07T23:38:46-08:00,0,12
style.css,228,css,c8e19cb2,Zach,2025-02-07,23:38:46,-08:00,2025-02-07T23:38:46-08:00,0,18
style.css,229,css,c8e19cb2,Zach,2025-02-07,23:38:46,-08:00,2025-02-07T23:38:46-08:00,0,30
style.css,230,css,c8e19cb2,Zach,2025-02-07,23:38:46,-08:00,2025-02-07T23:38:46-08:00,0,21
style.css,231,css,c8e19cb2,Zach,2025-02-07,23:38:46,-08:00,2025-02-07T23:38:46-08:00,0,0
style.css,232,css,c8e19cb2,Zach,2025-02-07,23:38:46,-08:00,2025-02-07T23:38:46-08:00,0,0
style.css,233,css,c8e19cb2,Zach,2025-02-07,23:38:46,-08:00,2025-02-07T23:38:46-08:00,0,22
style.css,234,css,c8e19cb2,Zach,2025-02-07,23:38:46,-08:00,2025-02-07T23:38:46-08:00,0,5
style.css,235,css,c8e19cb2,Zach,2025-02-07,23:38:46,-08:00,2025-02-07T23:38:46-08:00,0,17
style.css,236,css,c8e19cb2,Zach,2025-02-07,23:38:46,-08:00,2025-02-07T23:38:46-08:00,0,15
style.css,237,css,c8e19cb2,Zach,2025-02-07,23:38:46,-08:00,2025-02-07T23:38:46-08:00,0,0
style.css,238,css,c8e19cb2,Zach,2025-02-07,23:38:46,-08:00,2025-02-07T23:38:46-08:00,0,0
style.css,239,css,c8e19cb2,Zach,2025-02-07,23:38:46,-08:00,2025-02-07T23:38:46-08:00,0,28
style.css,240,css,c8e19cb2,Zach,2025-02-07,23:38:46,-08:00,2025-02-07T23:38:46-08:00,0,46
style.css,241,css,c8e19cb2,Zach,2025-02-07,23:38:46,-08:00,2025-02-07T23:38:46-08:00,0,12
style.css,242,css,c8e19cb2,Zach,2025-02-07,23:38:46,-08:00,2025-02-07T23:38:46-08:00,0,0
style.css,243,css,c8e19cb2,Zach,2025-02-07,23:38:46,-08:00,2025-02-07T23:38:46-08:00,0,0
style.css,244,css,c8e19cb2,Zach,2025-02-07,23:38:46,-08:00,2025-02-07T23:38:46-08:00,0,29
style.css,245,css,c8e19cb2,Zach,2025-02-07,23:38:46,-08:00,2025-02-07T23:38:46-08:00,0,10
style.css,246,css,c8e19cb2,Zach,2025-02-07,23:38:46,-08:00,2025-02-07T23:38:46-08:00,0,36
style.css,247,css,c8e19cb2,Zach,2025-02-07,23:38:46,-08:00,2025-02-07T23:38:46-08:00,0,0
style.css,248,css,c8e19cb2,Zach,2025-02-07,23:38:46,-08:00,2025-02-07T23:38:46-08:00,0,0
style.css,249,css,c8e19cb2,Zach,2025-02-07,23:38:46,-08:00,2025-02-07T23:38:46-08:00,0,19
style.css,250,css,c8e19cb2,Zach,2025-02-07,23:38:46,-08:00,2025-02-07T23:38:46-08:00,0,18
style.css,251,css,c8e19cb2,Zach,2025-02-07,23:38:46,-08:00,2025-02-07T23:38:46-08:00,0,0
style.css,252,css,c8e19cb2,Zach,2025-02-07,23:38:46,-08:00,2025-02-07T23:38:46-08:00,0,0
style.css,253,css,c8e19cb2,Zach,2025-02-07,23:38:46,-08:00,2025-02-07T23:38:46-08:00,0,30
style.css,254,css,c8e19cb2,Zach,2025-02-07,23:38:46,-08:00,2025-02-07T23:38:46-08:00,0,18
style.css,255,css,c8e19cb2,Zach,2025-02-07,23:38:46,-08:00,2025-02-07T23:38:46-08:00,0,17
style.css,256,css,c8e19cb2,Zach,2025-02-07,23:38:46,-08:00,2025-02-07T23:38:46-08:00,0,19
style.css,257,css,c8e19cb2,Zach,2025-02-07,23:38:46,-08:00,2025-02-07T23:38:46-08:00,0,0
index.js,1,js,4abac790,Zach,2025-02-02,23:39:30,-08:00,2025-02-02T23:39:30-08:00,0,71
index.js,2,js,4abac790,Zach,2025-02-02,23:39:30,-08:00,2025-02-02T23:39:30-08:00,0,0
index.js,3,js,4abac790,Zach,2025-02-02,23:39:30,-08:00,2025-02-02T23:39:30-08:00,0,36
index.js,4,js,4abac790,Zach,2025-02-02,23:39:30,-08:00,2025-02-02T23:39:30-08:00,0,4
index.js,5,js,4abac790,Zach,2025-02-02,23:39:30,-08:00,2025-02-02T23:39:30-08:00,0,24
index.js,6,js,4abac790,Zach,2025-02-02,23:39:30,-08:00,2025-02-02T23:39:30-08:00,0,55
index.js,7,js,4abac790,Zach,2025-02-02,23:39:30,-08:00,2025-02-02T23:39:30-08:00,0,0
index.js,8,js,4abac790,Zach,2025-02-02,23:39:30,-08:00,2025-02-02T23:39:30-08:00,0,30
index.js,9,js,4abac790,Zach,2025-02-02,23:39:30,-08:00,2025-02-02T23:39:30-08:00,0,43
index.js,10,js,4abac790,Zach,2025-02-02,23:39:30,-08:00,2025-02-02T23:39:30-08:00,0,0
index.js,11,js,4abac790,Zach,2025-02-02,23:39:30,-08:00,2025-02-02T23:39:30-08:00,0,27
index.js,12,js,4abac790,Zach,2025-02-02,23:39:30,-08:00,2025-02-02T23:39:30-08:00,0,33
index.js,13,js,4abac790,Zach,2025-02-02,23:39:30,-08:00,2025-02-02T23:39:30-08:00,0,39
index.js,14,js,4abac790,Zach,2025-02-02,23:39:30,-08:00,2025-02-02T23:39:30-08:00,0,6
index.js,15,js,4abac790,Zach,2025-02-02,23:39:30,-08:00,2025-02-02T23:39:30-08:00,0,0
index.js,16,js,4abac790,Zach,2025-02-02,23:39:30,-08:00,2025-02-02T23:39:30-08:00,0,26
index.js,17,js,4abac790,Zach,2025-02-02,23:39:30,-08:00,2025-02-02T23:39:30-08:00,0,0
index.js,18,js,4abac790,Zach,2025-02-02,23:39:30,-08:00,2025-02-02T23:39:30-08:00,0,43
index.js,19,js,4abac790,Zach,2025-02-02,23:39:30,-08:00,2025-02-02T23:39:30-08:00,0,61
index.js,20,js,4abac790,Zach,2025-02-02,23:39:30,-08:00,2025-02-02T23:39:30-08:00,0,24
index.js,21,js,4abac790,Zach,2025-02-02,23:39:30,-08:00,2025-02-02T23:39:30-08:00,0,46
index.js,22,js,4abac790,Zach,2025-02-02,23:39:30,-08:00,2025-02-02T23:39:30-08:00,0,6
index.js,23,js,4abac790,Zach,2025-02-02,23:39:30,-08:00,2025-02-02T23:39:30-08:00,0,0
index.js,24,js,4abac790,Zach,2025-02-02,23:39:30,-08:00,2025-02-02T23:39:30-08:00,0,0
index.js,25,js,4abac790,Zach,2025-02-02,23:39:30,-08:00,2025-02-02T23:39:30-08:00,0,0
index.js,26,js,4abac790,Zach,2025-02-02,23:39:30,-08:00,2025-02-02T23:39:30-08:00,0,73
index.js,27,js,4abac790,Zach,2025-02-02,23:39:30,-08:00,2025-02-02T23:39:30-08:00,0,91
index.js,28,js,4abac790,Zach,2025-02-02,23:39:30,-08:00,2025-02-02T23:39:30-08:00,0,16
index.js,29,js,4abac790,Zach,2025-02-02,23:39:30,-08:00,2025-02-02T23:39:30-08:00,0,58
index.js,30,js,4abac790,Zach,2025-02-02,23:39:30,-08:00,2025-02-02T23:39:30-08:00,0,0
index.js,31,js,4abac790,Zach,2025-02-02,23:39:30,-08:00,2025-02-02T23:39:30-08:00,0,0
index.js,32,js,4abac790,Zach,2025-02-02,23:39:30,-08:00,2025-02-02T23:39:30-08:00,0,0
index.js,33,js,4abac790,Zach,2025-02-02,23:39:30,-08:00,2025-02-02T23:39:30-08:00,0,32
index.js,34,js,4abac790,Zach,2025-02-02,23:39:30,-08:00,2025-02-02T23:39:30-08:00,0,4
index.js,35,js,4abac790,Zach,2025-02-02,23:39:30,-08:00,2025-02-02T23:39:30-08:00,0,52
index.js,36,js,4abac790,Zach,2025-02-02,23:39:30,-08:00,2025-02-02T23:39:30-08:00,0,79
index.js,37,js,4abac790,Zach,2025-02-02,23:39:30,-08:00,2025-02-02T23:39:30-08:00,0,0
index.js,38,js,4abac790,Zach,2025-02-02,23:39:30,-08:00,2025-02-02T23:39:30-08:00,0,61
index.js,39,js,4abac790,Zach,2025-02-02,23:39:30,-08:00,2025-02-02T23:39:30-08:00,0,0
index.js,40,js,4abac790,Zach,2025-02-02,23:39:30,-08:00,2025-02-02T23:39:30-08:00,0,32
index.js,41,js,4abac790,Zach,2025-02-02,23:39:30,-08:00,2025-02-02T23:39:30-08:00,0,25
index.js,42,js,4abac790,Zach,2025-02-02,23:39:30,-08:00,2025-02-02T23:39:30-08:00,0,86
index.js,43,js,4abac790,Zach,2025-02-02,23:39:30,-08:00,2025-02-02T23:39:30-08:00,0,56
index.js,44,js,4abac790,Zach,2025-02-02,23:39:30,-08:00,2025-02-02T23:39:30-08:00,0,56
index.js,45,js,4abac790,Zach,2025-02-02,23:39:30,-08:00,2025-02-02T23:39:30-08:00,0,50
index.js,46,js,4abac790,Zach,2025-02-02,23:39:30,-08:00,2025-02-02T23:39:30-08:00,0,50
index.js,47,js,4abac790,Zach,2025-02-02,23:39:30,-08:00,2025-02-02T23:39:30-08:00,0,4
index.js,48,js,4abac790,Zach,2025-02-02,23:39:30,-08:00,2025-02-02T23:39:30-08:00,0,1
index.js,49,js,4abac790,Zach,2025-02-02,23:39:30,-08:00,2025-02-02T23:39:30-08:00,0,0
index.js,50,js,4abac790,Zach,2025-02-02,23:39:30,-08:00,2025-02-02T23:39:30-08:00,0,16
index.js,51,js,4abac790,Zach,2025-02-02,23:39:30,-08:00,2025-02-02T23:39:30-08:00,0,51
index.js,52,js,4abac790,Zach,2025-02-02,23:39:30,-08:00,2025-02-02T23:39:30-08:00,0,0
index.js,53,js,4abac790,Zach,2025-02-02,23:39:30,-08:00,2025-02-02T23:39:30-08:00,0,0
index.js,54,js,4abac790,Zach,2025-02-02,23:39:30,-08:00,2025-02-02T23:39:30-08:00,0,0
index.js,55,js,4abac790,Zach,2025-02-02,23:39:30,-08:00,2025-02-02T23:39:30-08:00,0,0
index.js,56,js,4abac790,Zach,2025-02-02,23:39:30,-08:00,2025-02-02T23:39:30-08:00,0,16
index.js,57,js,4abac790,Zach,2025-02-02,23:39:30,-08:00,2025-02-02T23:39:30-08:00,0,0
index.js,58,js,4abac790,Zach,2025-02-02,23:39:30,-08:00,2025-02-02T23:39:30-08:00,0,50
index.js,59,js,4abac790,Zach,2025-02-02,23:39:30,-08:00,2025-02-02T23:39:30-08:00,0,20
index.js,60,js,4abac790,Zach,2025-02-02,23:39:30,-08:00,2025-02-02T23:39:30-08:00,0,0
index.html,1,html,7c0205b1,Zach,2025-01-16,16:02:27,-08:00,2025-01-16T16:02:27-08:00,0,14
index.html,2,html,7c0205b1,Zach,2025-01-16,16:02:27,-08:00,2025-01-16T16:02:27-08:00,0,15
index.html,3,html,7c0205b1,Zach,2025-01-16,16:02:27,-08:00,2025-01-16T16:02:27-08:00,0,5
index.html,4,html,7c0205b1,Zach,2025-01-16,16:02:27,-08:00,2025-01-16T16:02:27-08:00,0,21
index.html,5,html,7c0205b1,Zach,2025-01-16,16:02:27,-08:00,2025-01-16T16:02:27-08:00,0,106
index.html,6,html,7c0205b1,Zach,2025-01-16,16:02:27,-08:00,2025-01-16T16:02:27-08:00,0,22
index.html,7,html,dcf11255,Zach,2025-01-18,21:06:19,-08:00,2025-01-18T21:06:19-08:00,0,39
index.html,8,html,4abac790,Zach,2025-02-02,23:39:30,-08:00,2025-02-02T23:39:30-08:00,0,51
index.html,9,html,4abac790,Zach,2025-02-02,23:39:30,-08:00,2025-02-02T23:39:30-08:00,0,51
index.html,10,html,7c0205b1,Zach,2025-01-16,16:02:27,-08:00,2025-01-16T16:02:27-08:00,0,6
index.html,11,html,7c0205b1,Zach,2025-01-16,16:02:27,-08:00,2025-01-16T16:02:27-08:00,0,5
index.html,12,html,4abac790,Zach,2025-02-02,23:39:30,-08:00,2025-02-02T23:39:30-08:00,0,29
index.html,13,html,4abac790,Zach,2025-02-02,23:39:30,-08:00,2025-02-02T23:39:30-08:00,0,23
index.html,14,html,4abac790,Zach,2025-02-02,23:39:30,-08:00,2025-02-02T23:39:30-08:00,0,21
index.html,15,html,4abac790,Zach,2025-02-02,23:39:30,-08:00,2025-02-02T23:39:30-08:00,0,50
index.html,16,html,4abac790,Zach,2025-02-02,23:39:30,-08:00,2025-02-02T23:39:30-08:00,0,5
index.html,17,html,dcf11255,Zach,2025-01-18,21:06:19,-08:00,2025-01-18T21:06:19-08:00,0,33
index.html,18,html,dcf11255,Zach,2025-01-18,21:06:19,-08:00,2025-01-18T21:06:19-08:00,0,4
index.html,19,html,dcf11255,Zach,2025-01-18,21:06:19,-08:00,2025-01-18T21:06:19-08:00,0,3
index.html,20,html,4cf2a328,Zach,2025-01-24,13:51:26,-08:00,2025-01-24T13:51:26-08:00,0,33
index.html,21,html,24673a39,ZachUCSD,2025-01-18,21:29:24,-08:00,2025-01-18T21:29:24-08:00,0,50
index.html,22,html,24673a39,ZachUCSD,2025-01-18,21:29:24,-08:00,2025-01-18T21:29:24-08:00,0,48
index.html,23,html,24673a39,ZachUCSD,2025-01-18,21:29:24,-08:00,2025-01-18T21:29:24-08:00,0,46
index.html,24,html,4cf2a328,Zach,2025-01-24,13:51:26,-08:00,2025-01-24T13:51:26-08:00,0,76
index.html,25,html,dcf11255,Zach,2025-01-18,21:06:19,-08:00,2025-01-18T21:06:19-08:00,0,4
index.html,26,html,dcf11255,Zach,2025-01-18,21:06:19,-08:00,2025-01-18T21:06:19-08:00,0,5
index.html,27,html,dcf11255,Zach,2025-01-18,21:06:19,-08:00,2025-01-18T21:06:19-08:00,0,0
index.html,28,html,dcf11255,Zach,2025-01-18,21:06:19,-08:00,2025-01-18T21:06:19-08:00,0,24
index.html,29,html,dcf11255,Zach,2025-01-18,21:06:19,-08:00,2025-01-18T21:06:19-08:00,0,51
index.html,30,html,dcf11255,Zach,2025-01-18,21:06:19,-08:00,2025-01-18T21:06:19-08:00,0,49
index.html,31,html,dcf11255,Zach,2025-01-18,21:06:19,-08:00,2025-01-18T21:06:19-08:00,0,0
index.html,32,html,7c0205b1,Zach,2025-01-16,16:02:27,-08:00,2025-01-16T16:02:27-08:00,0,6
index.html,33,html,4abac790,Zach,2025-02-02,23:39:30,-08:00,2025-02-02T23:39:30-08:00,0,6
global.js,1,js,4cf2a328,Zach,2025-01-24,13:51:26,-08:00,2025-01-24T13:51:26-08:00,0,26
global.js,2,js,4cf2a328,Zach,2025-01-24,13:51:26,-08:00,2025-01-24T13:51:26-08:00,0,0
global.js,3,js,4cf2a328,Zach,2025-01-24,13:51:26,-08:00,2025-01-24T13:51:26-08:00,0,42
global.js,4,js,4cf2a328,Zach,2025-01-24,13:51:26,-08:00,2025-01-24T13:51:26-08:00,0,53
global.js,5,js,4cf2a328,Zach,2025-01-24,13:51:26,-08:00,2025-01-24T13:51:26-08:00,0,0
global.js,6,js,4cf2a328,Zach,2025-01-24,13:51:26,-08:00,2025-01-24T13:51:26-08:00,0,0
global.js,7,js,4cf2a328,Zach,2025-01-24,13:51:26,-08:00,2025-01-24T13:51:26-08:00,0,54
global.js,8,js,4cf2a328,Zach,2025-01-24,13:51:26,-08:00,2025-01-24T13:51:26-08:00,0,14
global.js,9,js,4cf2a328,Zach,2025-01-24,13:51:26,-08:00,2025-01-24T13:51:26-08:00,0,26
global.js,10,js,4cf2a328,Zach,2025-01-24,13:51:26,-08:00,2025-01-24T13:51:26-08:00,0,39
global.js,11,js,4cf2a328,Zach,2025-01-24,13:51:26,-08:00,2025-01-24T13:51:26-08:00,0,37
global.js,12,js,4cf2a328,Zach,2025-01-24,13:51:26,-08:00,2025-01-24T13:51:26-08:00,0,35
global.js,13,js,00000000,Not Committed Yet,2025-02-14,05:30:40,-08:00,2025-02-14T05:30:40-08:00,0,30
global.js,14,js,4cf2a328,Zach,2025-01-24,13:51:26,-08:00,2025-01-24T13:51:26-08:00,0,55
global.js,15,js,4abac790,Zach,2025-02-02,23:39:30,-08:00,2025-02-02T23:39:30-08:00,0,1
global.js,16,js,4cf2a328,Zach,2025-01-24,13:51:26,-08:00,2025-01-24T13:51:26-08:00,0,0
global.js,17,js,4abac790,Zach,2025-02-02,23:39:30,-08:00,2025-02-02T23:39:30-08:00,0,34
global.js,18,js,4abac790,Zach,2025-02-02,23:39:30,-08:00,2025-02-02T23:39:30-08:00,0,71
global.js,19,js,4cf2a328,Zach,2025-01-24,13:51:26,-08:00,2025-01-24T13:51:26-08:00,0,0
global.js,20,js,4abac790,Zach,2025-02-02,23:39:30,-08:00,2025-02-02T23:39:30-08:00,0,53
global.js,21,js,4abac790,Zach,2025-02-02,23:39:30,-08:00,2025-02-02T23:39:30-08:00,0,41
global.js,22,js,4abac790,Zach,2025-02-02,23:39:30,-08:00,2025-02-02T23:39:30-08:00,0,26
global.js,23,js,4cf2a328,Zach,2025-01-24,13:51:26,-08:00,2025-01-24T13:51:26-08:00,0,0
global.js,24,js,4abac790,Zach,2025-02-02,23:39:30,-08:00,2025-02-02T23:39:30-08:00,0,63
global.js,25,js,4abac790,Zach,2025-02-02,23:39:30,-08:00,2025-02-02T23:39:30-08:00,0,23
global.js,26,js,4abac790,Zach,2025-02-02,23:39:30,-08:00,2025-02-02T23:39:30-08:00,0,46
global.js,27,js,4abac790,Zach,2025-02-02,23:39:30,-08:00,2025-02-02T23:39:30-08:00,0,75
global.js,28,js,4abac790,Zach,2025-02-02,23:39:30,-08:00,2025-02-02T23:39:30-08:00,0,0
global.js,29,js,4abac790,Zach,2025-02-02,23:39:30,-08:00,2025-02-02T23:39:30-08:00,0,47
global.js,30,js,4abac790,Zach,2025-02-02,23:39:30,-08:00,2025-02-02T23:39:30-08:00,0,37
global.js,31,js,4abac790,Zach,2025-02-02,23:39:30,-08:00,2025-02-02T23:39:30-08:00,0,12
global.js,32,js,4abac790,Zach,2025-02-02,23:39:30,-08:00,2025-02-02T23:39:30-08:00,0,23
global.js,33,js,4abac790,Zach,2025-02-02,23:39:30,-08:00,2025-02-02T23:39:30-08:00,0,0
global.js,34,js,4abac790,Zach,2025-02-02,23:39:30,-08:00,2025-02-02T23:39:30-08:00,0,28
global.js,35,js,4abac790,Zach,2025-02-02,23:39:30,-08:00,2025-02-02T23:39:30-08:00,0,18
global.js,36,js,4abac790,Zach,2025-02-02,23:39:30,-08:00,2025-02-02T23:39:30-08:00,0,9
global.js,37,js,4abac790,Zach,2025-02-02,23:39:30,-08:00,2025-02-02T23:39:30-08:00,0,59
global.js,38,js,4cf2a328,Zach,2025-01-24,13:51:26,-08:00,2025-01-24T13:51:26-08:00,0,1
global.js,39,js,4cf2a328,Zach,2025-01-24,13:51:26,-08:00,2025-01-24T13:51:26-08:00,0,0
global.js,40,js,4abac790,Zach,2025-02-02,23:39:30,-08:00,2025-02-02T23:39:30-08:00,0,34
global.js,41,js,4abac790,Zach,2025-02-02,23:39:30,-08:00,2025-02-02T23:39:30-08:00,0,53
global.js,42,js,4abac790,Zach,2025-02-02,23:39:30,-08:00,2025-02-02T23:39:30-08:00,0,0
global.js,43,js,4abac790,Zach,2025-02-02,23:39:30,-08:00,2025-02-02T23:39:30-08:00,0,30
global.js,44,js,4abac790,Zach,2025-02-02,23:39:30,-08:00,2025-02-02T23:39:30-08:00,0,13
global.js,45,js,4abac790,Zach,2025-02-02,23:39:30,-08:00,2025-02-02T23:39:30-08:00,0,0
global.js,46,js,4abac790,Zach,2025-02-02,23:39:30,-08:00,2025-02-02T23:39:30-08:00,0,0
global.js,47,js,4abac790,Zach,2025-02-02,23:39:30,-08:00,2025-02-02T23:39:30-08:00,0,32
global.js,48,js,4abac790,Zach,2025-02-02,23:39:30,-08:00,2025-02-02T23:39:30-08:00,0,12
global.js,49,js,4abac790,Zach,2025-02-02,23:39:30,-08:00,2025-02-02T23:39:30-08:00,0,0
global.js,50,js,4abac790,Zach,2025-02-02,23:39:30,-08:00,2025-02-02T23:39:30-08:00,0,27
global.js,51,js,4abac790,Zach,2025-02-02,23:39:30,-08:00,2025-02-02T23:39:30-08:00,0,5
global.js,52,js,4abac790,Zach,2025-02-02,23:39:30,-08:00,2025-02-02T23:39:30-08:00,0,7
global.js,53,js,4abac790,Zach,2025-02-02,23:39:30,-08:00,2025-02-02T23:39:30-08:00,0,44
global.js,54,js,4abac790,Zach,2025-02-02,23:39:30,-08:00,2025-02-02T23:39:30-08:00,0,35
global.js,55,js,4abac790,Zach,2025-02-02,23:39:30,-08:00,2025-02-02T23:39:30-08:00,0,33
global.js,56,js,4abac790,Zach,2025-02-02,23:39:30,-08:00,2025-02-02T23:39:30-08:00,0,8
global.js,57,js,4abac790,Zach,2025-02-02,23:39:30,-08:00,2025-02-02T23:39:30-08:00,0,7
global.js,58,js,4abac790,Zach,2025-02-02,23:39:30,-08:00,2025-02-02T23:39:30-08:00,0,0
global.js,59,js,4abac790,Zach,2025-02-02,23:39:30,-08:00,2025-02-02T23:39:30-08:00,0,1
global.js,60,js,4abac790,Zach,2025-02-02,23:39:30,-08:00,2025-02-02T23:39:30-08:00,0,0
global.js,61,js,4abac790,Zach,2025-02-02,23:39:30,-08:00,2025-02-02T23:39:30-08:00,0,32
global.js,62,js,4cf2a328,Zach,2025-01-24,13:51:26,-08:00,2025-01-24T13:51:26-08:00,0,61
global.js,63,js,4cf2a328,Zach,2025-01-24,13:51:26,-08:00,2025-01-24T13:51:26-08:00,0,0
global.js,64,js,4cf2a328,Zach,2025-01-24,13:51:26,-08:00,2025-01-24T13:51:26-08:00,0,34
global.js,65,js,4cf2a328,Zach,2025-01-24,13:51:26,-08:00,2025-01-24T13:51:26-08:00,0,32
global.js,66,js,4cf2a328,Zach,2025-01-24,13:51:26,-08:00,2025-01-24T13:51:26-08:00,0,66
global.js,67,js,4cf2a328,Zach,2025-01-24,13:51:26,-08:00,2025-01-24T13:51:26-08:00,0,0
global.js,68,js,4cf2a328,Zach,2025-01-24,13:51:26,-08:00,2025-01-24T13:51:26-08:00,0,0
global.js,69,js,4cf2a328,Zach,2025-01-24,13:51:26,-08:00,2025-01-24T13:51:26-08:00,0,37
global.js,70,js,4cf2a328,Zach,2025-01-24,13:51:26,-08:00,2025-01-24T13:51:26-08:00,0,44
global.js,71,js,4cf2a328,Zach,2025-01-24,13:51:26,-08:00,2025-01-24T13:51:26-08:00,0,38
global.js,72,js,4cf2a328,Zach,2025-01-24,13:51:26,-08:00,2025-01-24T13:51:26-08:00,0,27
global.js,73,js,4cf2a328,Zach,2025-01-24,13:51:26,-08:00,2025-01-24T13:51:26-08:00,0,57
global.js,74,js,4cf2a328,Zach,2025-01-24,13:51:26,-08:00,2025-01-24T13:51:26-08:00,0,48
global.js,75,js,4cf2a328,Zach,2025-01-24,13:51:26,-08:00,2025-01-24T13:51:26-08:00,0,2
global.js,76,js,4cf2a328,Zach,2025-01-24,13:51:26,-08:00,2025-01-24T13:51:26-08:00,0,0
global.js,77,js,4cf2a328,Zach,2025-01-24,13:51:26,-08:00,2025-01-24T13:51:26-08:00,0,53
global.js,78,js,4cf2a328,Zach,2025-01-24,13:51:26,-08:00,2025-01-24T13:51:26-08:00,0,35
global.js,79,js,4cf2a328,Zach,2025-01-24,13:51:26,-08:00,2025-01-24T13:51:26-08:00,0,44
global.js,80,js,4cf2a328,Zach,2025-01-24,13:51:26,-08:00,2025-01-24T13:51:26-08:00,0,27
global.js,81,js,4cf2a328,Zach,2025-01-24,13:51:26,-08:00,2025-01-24T13:51:26-08:00,0,59
global.js,82,js,4cf2a328,Zach,2025-01-24,13:51:26,-08:00,2025-01-24T13:51:26-08:00,0,7
global.js,83,js,4cf2a328,Zach,2025-01-24,13:51:26,-08:00,2025-01-24T13:51:26-08:00,0,52
global.js,84,js,4cf2a328,Zach,2025-01-24,13:51:26,-08:00,2025-01-24T13:51:26-08:00,0,0
global.js,85,js,4abac790,Zach,2025-02-02,23:39:30,-08:00,2025-02-02T23:39:30-08:00,0,0
global.js,86,js,4abac790,Zach,2025-02-02,23:39:30,-08:00,2025-02-02T23:39:30-08:00,0,37
global.js,87,js,4abac790,Zach,2025-02-02,23:39:30,-08:00,2025-02-02T23:39:30-08:00,0,4
global.js,88,js,4abac790,Zach,2025-02-02,23:39:30,-08:00,2025-02-02T23:39:30-08:00,0,40
global.js,89,js,4abac790,Zach,2025-02-02,23:39:30,-08:00,2025-02-02T23:39:30-08:00,0,33
global.js,90,js,4abac790,Zach,2025-02-02,23:39:30,-08:00,2025-02-02T23:39:30-08:00,0,0
global.js,91,js,4abac790,Zach,2025-02-02,23:39:30,-08:00,2025-02-02T23:39:30-08:00,0,32
global.js,92,js,4abac790,Zach,2025-02-02,23:39:30,-08:00,2025-02-02T23:39:30-08:00,0,18
global.js,93,js,4abac790,Zach,2025-02-02,23:39:30,-08:00,2025-02-02T23:39:30-08:00,0,67
global.js,94,js,4abac790,Zach,2025-02-02,23:39:30,-08:00,2025-02-02T23:39:30-08:00,0,0
global.js,95,js,4abac790,Zach,2025-02-02,23:39:30,-08:00,2025-02-02T23:39:30-08:00,0,0
global.js,96,js,4abac790,Zach,2025-02-02,23:39:30,-08:00,2025-02-02T23:39:30-08:00,0,25
global.js,97,js,4abac790,Zach,2025-02-02,23:39:30,-08:00,2025-02-02T23:39:30-08:00,0,34
global.js,98,js,4abac790,Zach,2025-02-02,23:39:30,-08:00,2025-02-02T23:39:30-08:00,0,37
global.js,99,js,4abac790,Zach,2025-02-02,23:39:30,-08:00,2025-02-02T23:39:30-08:00,0,16
global.js,100,js,4abac790,Zach,2025-02-02,23:39:30,-08:00,2025-02-02T23:39:30-08:00,0,60
global.js,101,js,4abac790,Zach,2025-02-02,23:39:30,-08:00,2025-02-02T23:39:30-08:00,0,0
global.js,102,js,4abac790,Zach,2025-02-02,23:39:30,-08:00,2025-02-02T23:39:30-08:00,0,0
global.js,103,js,4abac790,Zach,2025-02-02,23:39:30,-08:00,2025-02-02T23:39:30-08:00,0,0
global.js,104,js,4abac790,Zach,2025-02-02,23:39:30,-08:00,2025-02-02T23:39:30-08:00,0,57
global.js,105,js,4abac790,Zach,2025-02-02,23:39:30,-08:00,2025-02-02T23:39:30-08:00,0,52
global.js,106,js,4abac790,Zach,2025-02-02,23:39:30,-08:00,2025-02-02T23:39:30-08:00,0,39
global.js,107,js,4abac790,Zach,2025-02-02,23:39:30,-08:00,2025-02-02T23:39:30-08:00,0,0
global.js,108,js,4abac790,Zach,2025-02-02,23:39:30,-08:00,2025-02-02T23:39:30-08:00,0,27
global.js,109,js,4abac790,Zach,2025-02-02,23:39:30,-08:00,2025-02-02T23:39:30-08:00,0,24
global.js,110,js,4abac790,Zach,2025-02-02,23:39:30,-08:00,2025-02-02T23:39:30-08:00,0,23
global.js,111,js,4abac790,Zach,2025-02-02,23:39:30,-08:00,2025-02-02T23:39:30-08:00,0,52
global.js,112,js,4abac790,Zach,2025-02-02,23:39:30,-08:00,2025-02-02T23:39:30-08:00,0,28
global.js,113,js,4abac790,Zach,2025-02-02,23:39:30,-08:00,2025-02-02T23:39:30-08:00,0,1
global.js,114,js,4abac790,Zach,2025-02-02,23:39:30,-08:00,2025-02-02T23:39:30-08:00,0,0
global.js,115,js,4abac790,Zach,2025-02-02,23:39:30,-08:00,2025-02-02T23:39:30-08:00,0,37
global.js,116,js,4abac790,Zach,2025-02-02,23:39:30,-08:00,2025-02-02T23:39:30-08:00,0,0
global.js,117,js,4abac790,Zach,2025-02-02,23:39:30,-08:00,2025-02-02T23:39:30-08:00,0,0
global.js,118,js,4abac790,Zach,2025-02-02,23:39:30,-08:00,2025-02-02T23:39:30-08:00,0,0
global.js,119,js,4abac790,Zach,2025-02-02,23:39:30,-08:00,2025-02-02T23:39:30-08:00,0,48
global.js,120,js,4abac790,Zach,2025-02-02,23:39:30,-08:00,2025-02-02T23:39:30-08:00,0,23
global.js,121,js,4abac790,Zach,2025-02-02,23:39:30,-08:00,2025-02-02T23:39:30-08:00,0,60
global.js,122,js,4abac790,Zach,2025-02-02,23:39:30,-08:00,2025-02-02T23:39:30-08:00,0,0
resume\index.html,1,html,dcf11255,Zach,2025-01-18,21:06:19,-08:00,2025-01-18T21:06:19-08:00,0,14
resume\index.html,2,html,dcf11255,Zach,2025-01-18,21:06:19,-08:00,2025-01-18T21:06:19-08:00,0,15
resume\index.html,3,html,dcf11255,Zach,2025-01-18,21:06:19,-08:00,2025-01-18T21:06:19-08:00,0,5
resume\index.html,4,html,dcf11255,Zach,2025-01-18,21:06:19,-08:00,2025-01-18T21:06:19-08:00,0,21
resume\index.html,5,html,dcf11255,Zach,2025-01-18,21:06:19,-08:00,2025-01-18T21:06:19-08:00,0,67
resume\index.html,6,html,dcf11255,Zach,2025-01-18,21:06:19,-08:00,2025-01-18T21:06:19-08:00,0,20
resume\index.html,7,html,8d8cd9d6,ZachUCSD,2025-01-18,21:42:48,-08:00,2025-01-18T21:42:48-08:00,0,42
resume\index.html,8,html,00000000,Not Committed Yet,2025-02-14,05:30:41,-08:00,2025-02-14T05:30:41-08:00,0,55
resume\index.html,9,html,dcf11255,Zach,2025-01-18,21:06:19,-08:00,2025-01-18T21:06:19-08:00,0,6
resume\index.html,10,html,dcf11255,Zach,2025-01-18,21:06:19,-08:00,2025-01-18T21:06:19-08:00,0,5
resume\index.html,11,html,dcf11255,Zach,2025-01-18,21:06:19,-08:00,2025-01-18T21:06:19-08:00,0,4
resume\index.html,12,html,dcf11255,Zach,2025-01-18,21:06:19,-08:00,2025-01-18T21:06:19-08:00,0,3
resume\index.html,13,html,4cf2a328,Zach,2025-01-24,13:51:26,-08:00,2025-01-24T13:51:26-08:00,0,35
resume\index.html,14,html,8d8cd9d6,ZachUCSD,2025-01-18,21:42:48,-08:00,2025-01-18T21:42:48-08:00,0,53
resume\index.html,15,html,8d8cd9d6,ZachUCSD,2025-01-18,21:42:48,-08:00,2025-01-18T21:42:48-08:00,0,51
resume\index.html,16,html,4cf2a328,Zach,2025-01-24,13:51:26,-08:00,2025-01-24T13:51:26-08:00,0,49
resume\index.html,17,html,4cf2a328,Zach,2025-01-24,13:51:26,-08:00,2025-01-24T13:51:26-08:00,0,76
resume\index.html,18,html,dcf11255,Zach,2025-01-18,21:06:19,-08:00,2025-01-18T21:06:19-08:00,0,4
resume\index.html,19,html,dcf11255,Zach,2025-01-18,21:06:19,-08:00,2025-01-18T21:06:19-08:00,0,5
resume\index.html,20,html,dcf11255,Zach,2025-01-18,21:06:19,-08:00,2025-01-18T21:06:19-08:00,0,7
resume\index.html,21,html,dcf11255,Zach,2025-01-18,21:06:19,-08:00,2025-01-18T21:06:19-08:00,0,22
resume\index.html,22,html,dcf11255,Zach,2025-01-18,21:06:19,-08:00,2025-01-18T21:06:19-08:00,0,24
resume\index.html,23,html,dcf11255,Zach,2025-01-18,21:06:19,-08:00,2025-01-18T21:06:19-08:00,0,73
resume\index.html,24,html,dcf11255,Zach,2025-01-18,21:06:19,-08:00,2025-01-18T21:06:19-08:00,0,114
resume\index.html,25,html,dcf11255,Zach,2025-01-18,21:06:19,-08:00,2025-01-18T21:06:19-08:00,0,82
resume\index.html,26,html,dcf11255,Zach,2025-01-18,21:06:19,-08:00,2025-01-18T21:06:19-08:00,0,24
resume\index.html,27,html,dcf11255,Zach,2025-01-18,21:06:19,-08:00,2025-01-18T21:06:19-08:00,0,5
resume\index.html,28,html,dcf11255,Zach,2025-01-18,21:06:19,-08:00,2025-01-18T21:06:19-08:00,0,8
resume\index.html,29,html,dcf11255,Zach,2025-01-18,21:06:19,-08:00,2025-01-18T21:06:19-08:00,0,0
resume\index.html,30,html,dcf11255,Zach,2025-01-18,21:06:19,-08:00,2025-01-18T21:06:19-08:00,0,5
resume\index.html,31,html,dcf11255,Zach,2025-01-18,21:06:19,-08:00,2025-01-18T21:06:19-08:00,0,24
resume\index.html,32,html,dcf11255,Zach,2025-01-18,21:06:19,-08:00,2025-01-18T21:06:19-08:00,0,17
resume\index.html,33,html,dcf11255,Zach,2025-01-18,21:06:19,-08:00,2025-01-18T21:06:19-08:00,0,81
resume\index.html,34,html,dcf11255,Zach,2025-01-18,21:06:19,-08:00,2025-01-18T21:06:19-08:00,0,71
resume\index.html,35,html,dcf11255,Zach,2025-01-18,21:06:19,-08:00,2025-01-18T21:06:19-08:00,0,209
resume\index.html,36,html,dcf11255,Zach,2025-01-18,21:06:19,-08:00,2025-01-18T21:06:19-08:00,0,39
resume\index.html,37,html,dcf11255,Zach,2025-01-18,21:06:19,-08:00,2025-01-18T21:06:19-08:00,0,9
resume\index.html,38,html,dcf11255,Zach,2025-01-18,21:06:19,-08:00,2025-01-18T21:06:19-08:00,0,0
resume\index.html,39,html,dcf11255,Zach,2025-01-18,21:06:19,-08:00,2025-01-18T21:06:19-08:00,0,24
resume\index.html,40,html,dcf11255,Zach,2025-01-18,21:06:19,-08:00,2025-01-18T21:06:19-08:00,0,14
resume\index.html,41,html,dcf11255,Zach,2025-01-18,21:06:19,-08:00,2025-01-18T21:06:19-08:00,0,114
resume\index.html,42,html,dcf11255,Zach,2025-01-18,21:06:19,-08:00,2025-01-18T21:06:19-08:00,0,121
resume\index.html,43,html,dcf11255,Zach,2025-01-18,21:06:19,-08:00,2025-01-18T21:06:19-08:00,0,105
resume\index.html,44,html,dcf11255,Zach,2025-01-18,21:06:19,-08:00,2025-01-18T21:06:19-08:00,0,42
resume\index.html,45,html,dcf11255,Zach,2025-01-18,21:06:19,-08:00,2025-01-18T21:06:19-08:00,0,9
resume\index.html,46,html,dcf11255,Zach,2025-01-18,21:06:19,-08:00,2025-01-18T21:06:19-08:00,0,0
resume\index.html,47,html,dcf11255,Zach,2025-01-18,21:06:19,-08:00,2025-01-18T21:06:19-08:00,0,24
resume\index.html,48,html,dcf11255,Zach,2025-01-18,21:06:19,-08:00,2025-01-18T21:06:19-08:00,0,16
resume\index.html,49,html,dcf11255,Zach,2025-01-18,21:06:19,-08:00,2025-01-18T21:06:19-08:00,0,0
resume\index.html,50,html,dcf11255,Zach,2025-01-18,21:06:19,-08:00,2025-01-18T21:06:19-08:00,0,20
resume\index.html,51,html,dcf11255,Zach,2025-01-18,21:06:19,-08:00,2025-01-18T21:06:19-08:00,0,43
resume\index.html,52,html,dcf11255,Zach,2025-01-18,21:06:19,-08:00,2025-01-18T21:06:19-08:00,0,73
resume\index.html,53,html,dcf11255,Zach,2025-01-18,21:06:19,-08:00,2025-01-18T21:06:19-08:00,0,3
resume\index.html,54,html,dcf11255,Zach,2025-01-18,21:06:19,-08:00,2025-01-18T21:06:19-08:00,0,128
resume\index.html,55,html,dcf11255,Zach,2025-01-18,21:06:19,-08:00,2025-01-18T21:06:19-08:00,0,79
resume\index.html,56,html,dcf11255,Zach,2025-01-18,21:06:19,-08:00,2025-01-18T21:06:19-08:00,0,104
resume\index.html,57,html,dcf11255,Zach,2025-01-18,21:06:19,-08:00,2025-01-18T21:06:19-08:00,0,72
resume\index.html,58,html,dcf11255,Zach,2025-01-18,21:06:19,-08:00,2025-01-18T21:06:19-08:00,0,4
resume\index.html,59,html,dcf11255,Zach,2025-01-18,21:06:19,-08:00,2025-01-18T21:06:19-08:00,0,5
resume\index.html,60,html,dcf11255,Zach,2025-01-18,21:06:19,-08:00,2025-01-18T21:06:19-08:00,0,0
resume\index.html,61,html,dcf11255,Zach,2025-01-18,21:06:19,-08:00,2025-01-18T21:06:19-08:00,0,20
resume\index.html,62,html,dcf11255,Zach,2025-01-18,21:06:19,-08:00,2025-01-18T21:06:19-08:00,0,30
resume\index.html,63,html,dcf11255,Zach,2025-01-18,21:06:19,-08:00,2025-01-18T21:06:19-08:00,0,91
resume\index.html,64,html,dcf11255,Zach,2025-01-18,21:06:19,-08:00,2025-01-18T21:06:19-08:00,0,3
resume\index.html,65,html,dcf11255,Zach,2025-01-18,21:06:19,-08:00,2025-01-18T21:06:19-08:00,0,111
resume\index.html,66,html,dcf11255,Zach,2025-01-18,21:06:19,-08:00,2025-01-18T21:06:19-08:00,0,123
resume\index.html,67,html,dcf11255,Zach,2025-01-18,21:06:19,-08:00,2025-01-18T21:06:19-08:00,0,84
resume\index.html,68,html,dcf11255,Zach,2025-01-18,21:06:19,-08:00,2025-01-18T21:06:19-08:00,0,80
resume\index.html,69,html,dcf11255,Zach,2025-01-18,21:06:19,-08:00,2025-01-18T21:06:19-08:00,0,4
resume\index.html,70,html,dcf11255,Zach,2025-01-18,21:06:19,-08:00,2025-01-18T21:06:19-08:00,0,5
resume\index.html,71,html,dcf11255,Zach,2025-01-18,21:06:19,-08:00,2025-01-18T21:06:19-08:00,0,0
resume\index.html,72,html,dcf11255,Zach,2025-01-18,21:06:19,-08:00,2025-01-18T21:06:19-08:00,0,20
resume\index.html,73,html,dcf11255,Zach,2025-01-18,21:06:19,-08:00,2025-01-18T21:06:19-08:00,0,30
resume\index.html,74,html,dcf11255,Zach,2025-01-18,21:06:19,-08:00,2025-01-18T21:06:19-08:00,0,45
resume\index.html,75,html,dcf11255,Zach,2025-01-18,21:06:19,-08:00,2025-01-18T21:06:19-08:00,0,3
resume\index.html,76,html,dcf11255,Zach,2025-01-18,21:06:19,-08:00,2025-01-18T21:06:19-08:00,0,127
resume\index.html,77,html,dcf11255,Zach,2025-01-18,21:06:19,-08:00,2025-01-18T21:06:19-08:00,0,119
resume\index.html,78,html,dcf11255,Zach,2025-01-18,21:06:19,-08:00,2025-01-18T21:06:19-08:00,0,4
resume\index.html,79,html,dcf11255,Zach,2025-01-18,21:06:19,-08:00,2025-01-18T21:06:19-08:00,0,5
resume\index.html,80,html,dcf11255,Zach,2025-01-18,21:06:19,-08:00,2025-01-18T21:06:19-08:00,0,9
resume\index.html,81,html,dcf11255,Zach,2025-01-18,21:06:19,-08:00,2025-01-18T21:06:19-08:00,0,0
resume\index.html,82,html,dcf11255,Zach,2025-01-18,21:06:19,-08:00,2025-01-18T21:06:19-08:00,0,24
resume\index.html,83,html,dcf11255,Zach,2025-01-18,21:06:19,-08:00,2025-01-18T21:06:19-08:00,0,6
resume\index.html,84,html,4abac790,Zach,2025-02-02,23:39:30,-08:00,2025-02-02T23:39:30-08:00,0,6
projects\projects.js,1,js,4abac790,Zach,2025-02-02,23:39:30,-08:00,2025-02-02T23:39:30-08:00,0,56
projects\projects.js,2,js,c8e19cb2,Zach,2025-02-07,23:38:46,-08:00,2025-02-07T23:38:46-08:00,0,64
projects\projects.js,3,js,c8e19cb2,Zach,2025-02-07,23:38:46,-08:00,2025-02-07T23:38:46-08:00,0,0
projects\projects.js,4,js,c8e19cb2,Zach,2025-02-07,23:38:46,-08:00,2025-02-07T23:38:46-08:00,0,41
projects\projects.js,5,js,c8e19cb2,Zach,2025-02-07,23:38:46,-08:00,2025-02-07T23:38:46-08:00,0,46
projects\projects.js,6,js,c8e19cb2,Zach,2025-02-07,23:38:46,-08:00,2025-02-07T23:38:46-08:00,0,36
projects\projects.js,7,js,4abac790,Zach,2025-02-02,23:39:30,-08:00,2025-02-02T23:39:30-08:00,0,0
projects\projects.js,8,js,4abac790,Zach,2025-02-02,23:39:30,-08:00,2025-02-02T23:39:30-08:00,0,30
projects\projects.js,9,js,4abac790,Zach,2025-02-02,23:39:30,-08:00,2025-02-02T23:39:30-08:00,0,61
projects\projects.js,10,js,4abac790,Zach,2025-02-02,23:39:30,-08:00,2025-02-02T23:39:30-08:00,0,63
projects\projects.js,11,js,4abac790,Zach,2025-02-02,23:39:30,-08:00,2025-02-02T23:39:30-08:00,0,0
projects\projects.js,12,js,4abac790,Zach,2025-02-02,23:39:30,-08:00,2025-02-02T23:39:30-08:00,0,24
projects\projects.js,13,js,4abac790,Zach,2025-02-02,23:39:30,-08:00,2025-02-02T23:39:30-08:00,0,46
projects\projects.js,14,js,4abac790,Zach,2025-02-02,23:39:30,-08:00,2025-02-02T23:39:30-08:00,0,6
projects\projects.js,15,js,4abac790,Zach,2025-02-02,23:39:30,-08:00,2025-02-02T23:39:30-08:00,0,0
projects\projects.js,16,js,4abac790,Zach,2025-02-02,23:39:30,-08:00,2025-02-02T23:39:30-08:00,0,0
projects\projects.js,17,js,4abac790,Zach,2025-02-02,23:39:30,-08:00,2025-02-02T23:39:30-08:00,0,4
projects\projects.js,18,js,c8e19cb2,Zach,2025-02-07,23:38:46,-08:00,2025-02-07T23:38:46-08:00,0,50
projects\projects.js,19,js,4abac790,Zach,2025-02-02,23:39:30,-08:00,2025-02-02T23:39:30-08:00,0,40
projects\projects.js,20,js,4abac790,Zach,2025-02-02,23:39:30,-08:00,2025-02-02T23:39:30-08:00,0,46
projects\projects.js,21,js,4abac790,Zach,2025-02-02,23:39:30,-08:00,2025-02-02T23:39:30-08:00,0,6
projects\projects.js,22,js,4abac790,Zach,2025-02-02,23:39:30,-08:00,2025-02-02T23:39:30-08:00,0,0
projects\projects.js,23,js,4abac790,Zach,2025-02-02,23:39:30,-08:00,2025-02-02T23:39:30-08:00,0,0
projects\projects.js,24,js,c8e19cb2,Zach,2025-02-07,23:38:46,-08:00,2025-02-07T23:38:46-08:00,0,22
projects\projects.js,25,js,4abac790,Zach,2025-02-02,23:39:30,-08:00,2025-02-02T23:39:30-08:00,0,19
projects\projects.js,26,js,4abac790,Zach,2025-02-02,23:39:30,-08:00,2025-02-02T23:39:30-08:00,0,57
projects\projects.js,27,js,4abac790,Zach,2025-02-02,23:39:30,-08:00,2025-02-02T23:39:30-08:00,0,0
projects\projects.js,28,js,4abac790,Zach,2025-02-02,23:39:30,-08:00,2025-02-02T23:39:30-08:00,0,0
projects\projects.js,29,js,c8e19cb2,Zach,2025-02-07,23:38:46,-08:00,2025-02-07T23:38:46-08:00,0,39
projects\projects.js,30,js,c8e19cb2,Zach,2025-02-07,23:38:46,-08:00,2025-02-07T23:38:46-08:00,0,32
projects\projects.js,31,js,c8e19cb2,Zach,2025-02-07,23:38:46,-08:00,2025-02-07T23:38:46-08:00,0,24
projects\projects.js,32,js,c8e19cb2,Zach,2025-02-07,23:38:46,-08:00,2025-02-07T23:38:46-08:00,0,0
projects\projects.js,33,js,4abac790,Zach,2025-02-02,23:39:30,-08:00,2025-02-02T23:39:30-08:00,0,16
projects\projects.js,34,js,4abac790,Zach,2025-02-02,23:39:30,-08:00,2025-02-02T23:39:30-08:00,0,47
projects\projects.js,35,js,4abac790,Zach,2025-02-02,23:39:30,-08:00,2025-02-02T23:39:30-08:00,0,0
projects\projects.js,36,js,4abac790,Zach,2025-02-02,23:39:30,-08:00,2025-02-02T23:39:30-08:00,0,0
projects\projects.js,37,js,4abac790,Zach,2025-02-02,23:39:30,-08:00,2025-02-02T23:39:30-08:00,0,0
projects\projects.js,38,js,c8e19cb2,Zach,2025-02-07,23:38:46,-08:00,2025-02-07T23:38:46-08:00,0,26
projects\projects.js,39,js,c8e19cb2,Zach,2025-02-07,23:38:46,-08:00,2025-02-07T23:38:46-08:00,0,50
projects\projects.js,40,js,c8e19cb2,Zach,2025-02-07,23:38:46,-08:00,2025-02-07T23:38:46-08:00,0,61
projects\projects.js,41,js,c8e19cb2,Zach,2025-02-07,23:38:46,-08:00,2025-02-07T23:38:46-08:00,0,56
projects\projects.js,42,js,c8e19cb2,Zach,2025-02-07,23:38:46,-08:00,2025-02-07T23:38:46-08:00,0,56
projects\projects.js,43,js,c8e19cb2,Zach,2025-02-07,23:38:46,-08:00,2025-02-07T23:38:46-08:00,0,6
projects\projects.js,44,js,c8e19cb2,Zach,2025-02-07,23:38:46,-08:00,2025-02-07T23:38:46-08:00,0,0
projects\projects.js,45,js,c8e19cb2,Zach,2025-02-07,23:38:46,-08:00,2025-02-07T23:38:46-08:00,0,0
projects\projects.js,46,js,c8e19cb2,Zach,2025-02-07,23:38:46,-08:00,2025-02-07T23:38:46-08:00,0,58
projects\projects.js,47,js,c8e19cb2,Zach,2025-02-07,23:38:46,-08:00,2025-02-07T23:38:46-08:00,0,79
projects\projects.js,48,js,c8e19cb2,Zach,2025-02-07,23:38:46,-08:00,2025-02-07T23:38:46-08:00,0,0
projects\projects.js,49,js,c8e19cb2,Zach,2025-02-07,23:38:46,-08:00,2025-02-07T23:38:46-08:00,0,0
projects\projects.js,50,js,c8e19cb2,Zach,2025-02-07,23:38:46,-08:00,2025-02-07T23:38:46-08:00,0,30
projects\projects.js,51,js,c8e19cb2,Zach,2025-02-07,23:38:46,-08:00,2025-02-07T23:38:46-08:00,0,39
projects\projects.js,52,js,c8e19cb2,Zach,2025-02-07,23:38:46,-08:00,2025-02-07T23:38:46-08:00,0,33
projects\projects.js,53,js,c8e19cb2,Zach,2025-02-07,23:38:46,-08:00,2025-02-07T23:38:46-08:00,0,0
projects\projects.js,54,js,c8e19cb2,Zach,2025-02-07,23:38:46,-08:00,2025-02-07T23:38:46-08:00,0,27
projects\projects.js,55,js,c8e19cb2,Zach,2025-02-07,23:38:46,-08:00,2025-02-07T23:38:46-08:00,0,13
projects\projects.js,56,js,c8e19cb2,Zach,2025-02-07,23:38:46,-08:00,2025-02-07T23:38:46-08:00,0,13
projects\projects.js,57,js,c8e19cb2,Zach,2025-02-07,23:38:46,-08:00,2025-02-07T23:38:46-08:00,0,10
projects\projects.js,58,js,c8e19cb2,Zach,2025-02-07,23:38:46,-08:00,2025-02-07T23:38:46-08:00,0,1
projects\projects.js,59,js,c8e19cb2,Zach,2025-02-07,23:38:46,-08:00,2025-02-07T23:38:46-08:00,0,0
projects\projects.js,60,js,c8e19cb2,Zach,2025-02-07,23:38:46,-08:00,2025-02-07T23:38:46-08:00,0,46
projects\projects.js,61,js,c8e19cb2,Zach,2025-02-07,23:38:46,-08:00,2025-02-07T23:38:46-08:00,0,12
projects\projects.js,62,js,c8e19cb2,Zach,2025-02-07,23:38:46,-08:00,2025-02-07T23:38:46-08:00,0,10
projects\projects.js,63,js,c8e19cb2,Zach,2025-02-07,23:38:46,-08:00,2025-02-07T23:38:46-08:00,0,3
projects\projects.js,64,js,c8e19cb2,Zach,2025-02-07,23:38:46,-08:00,2025-02-07T23:38:46-08:00,0,0
projects\projects.js,65,js,c8e19cb2,Zach,2025-02-07,23:38:46,-08:00,2025-02-07T23:38:46-08:00,0,41
projects\projects.js,66,js,c8e19cb2,Zach,2025-02-07,23:38:46,-08:00,2025-02-07T23:38:46-08:00,0,27
projects\projects.js,67,js,c8e19cb2,Zach,2025-02-07,23:38:46,-08:00,2025-02-07T23:38:46-08:00,0,0
projects\projects.js,68,js,c8e19cb2,Zach,2025-02-07,23:38:46,-08:00,2025-02-07T23:38:46-08:00,0,44
projects\projects.js,69,js,c8e19cb2,Zach,2025-02-07,23:38:46,-08:00,2025-02-07T23:38:46-08:00,0,52
projects\projects.js,70,js,c8e19cb2,Zach,2025-02-07,23:38:46,-08:00,2025-02-07T23:38:46-08:00,0,38
projects\projects.js,71,js,c8e19cb2,Zach,2025-02-07,23:38:46,-08:00,2025-02-07T23:38:46-08:00,0,62
projects\projects.js,72,js,c8e19cb2,Zach,2025-02-07,23:38:46,-08:00,2025-02-07T23:38:46-08:00,0,23
projects\projects.js,73,js,c8e19cb2,Zach,2025-02-07,23:38:46,-08:00,2025-02-07T23:38:46-08:00,0,0
projects\projects.js,74,js,c8e19cb2,Zach,2025-02-07,23:38:46,-08:00,2025-02-07T23:38:46-08:00,0,32
projects\projects.js,75,js,c8e19cb2,Zach,2025-02-07,23:38:46,-08:00,2025-02-07T23:38:46-08:00,0,13
projects\projects.js,76,js,c8e19cb2,Zach,2025-02-07,23:38:46,-08:00,2025-02-07T23:38:46-08:00,0,7
projects\projects.js,77,js,c8e19cb2,Zach,2025-02-07,23:38:46,-08:00,2025-02-07T23:38:46-08:00,0,14
projects\projects.js,78,js,c8e19cb2,Zach,2025-02-07,23:38:46,-08:00,2025-02-07T23:38:46-08:00,0,23
projects\projects.js,79,js,c8e19cb2,Zach,2025-02-07,23:38:46,-08:00,2025-02-07T23:38:46-08:00,0,37
projects\projects.js,80,js,c8e19cb2,Zach,2025-02-07,23:38:46,-08:00,2025-02-07T23:38:46-08:00,0,37
projects\projects.js,81,js,c8e19cb2,Zach,2025-02-07,23:38:46,-08:00,2025-02-07T23:38:46-08:00,0,64
projects\projects.js,82,js,c8e19cb2,Zach,2025-02-07,23:38:46,-08:00,2025-02-07T23:38:46-08:00,0,51
projects\projects.js,83,js,c8e19cb2,Zach,2025-02-07,23:38:46,-08:00,2025-02-07T23:38:46-08:00,0,29
projects\projects.js,84,js,c8e19cb2,Zach,2025-02-07,23:38:46,-08:00,2025-02-07T23:38:46-08:00,0,30
projects\projects.js,85,js,c8e19cb2,Zach,2025-02-07,23:38:46,-08:00,2025-02-07T23:38:46-08:00,0,1
projects\projects.js,86,js,c8e19cb2,Zach,2025-02-07,23:38:46,-08:00,2025-02-07T23:38:46-08:00,0,28
projects\projects.js,87,js,c8e19cb2,Zach,2025-02-07,23:38:46,-08:00,2025-02-07T23:38:46-08:00,0,31
projects\projects.js,88,js,c8e19cb2,Zach,2025-02-07,23:38:46,-08:00,2025-02-07T23:38:46-08:00,0,1
projects\projects.js,89,js,c8e19cb2,Zach,2025-02-07,23:38:46,-08:00,2025-02-07T23:38:46-08:00,0,29
projects\projects.js,90,js,c8e19cb2,Zach,2025-02-07,23:38:46,-08:00,2025-02-07T23:38:46-08:00,0,44
projects\projects.js,91,js,c8e19cb2,Zach,2025-02-07,23:38:46,-08:00,2025-02-07T23:38:46-08:00,0,21
projects\projects.js,92,js,c8e19cb2,Zach,2025-02-07,23:38:46,-08:00,2025-02-07T23:38:46-08:00,0,2
projects\projects.js,93,js,c8e19cb2,Zach,2025-02-07,23:38:46,-08:00,2025-02-07T23:38:46-08:00,0,0
projects\projects.js,94,js,c8e19cb2,Zach,2025-02-07,23:38:46,-08:00,2025-02-07T23:38:46-08:00,0,20
projects\projects.js,95,js,c8e19cb2,Zach,2025-02-07,23:38:46,-08:00,2025-02-07T23:38:46-08:00,0,13
projects\projects.js,96,js,c8e19cb2,Zach,2025-02-07,23:38:46,-08:00,2025-02-07T23:38:46-08:00,0,7
projects\projects.js,97,js,c8e19cb2,Zach,2025-02-07,23:38:46,-08:00,2025-02-07T23:38:46-08:00,0,14
projects\projects.js,98,js,c8e19cb2,Zach,2025-02-07,23:38:46,-08:00,2025-02-07T23:38:46-08:00,0,24
projects\projects.js,99,js,c8e19cb2,Zach,2025-02-07,23:38:46,-08:00,2025-02-07T23:38:46-08:00,0,37
projects\projects.js,100,js,c8e19cb2,Zach,2025-02-07,23:38:46,-08:00,2025-02-07T23:38:46-08:00,0,39
projects\projects.js,101,js,c8e19cb2,Zach,2025-02-07,23:38:46,-08:00,2025-02-07T23:38:46-08:00,0,1
projects\projects.js,102,js,c8e19cb2,Zach,2025-02-07,23:38:46,-08:00,2025-02-07T23:38:46-08:00,0,29
projects\projects.js,103,js,c8e19cb2,Zach,2025-02-07,23:38:46,-08:00,2025-02-07T23:38:46-08:00,0,24
projects\projects.js,104,js,c8e19cb2,Zach,2025-02-07,23:38:46,-08:00,2025-02-07T23:38:46-08:00,0,21
projects\projects.js,105,js,c8e19cb2,Zach,2025-02-07,23:38:46,-08:00,2025-02-07T23:38:46-08:00,0,24
projects\projects.js,106,js,c8e19cb2,Zach,2025-02-07,23:38:46,-08:00,2025-02-07T23:38:46-08:00,0,0
projects\projects.js,107,js,c8e19cb2,Zach,2025-02-07,23:38:46,-08:00,2025-02-07T23:38:46-08:00,0,15
projects\projects.js,108,js,c8e19cb2,Zach,2025-02-07,23:38:46,-08:00,2025-02-07T23:38:46-08:00,0,33
projects\projects.js,109,js,c8e19cb2,Zach,2025-02-07,23:38:46,-08:00,2025-02-07T23:38:46-08:00,0,30
projects\projects.js,110,js,c8e19cb2,Zach,2025-02-07,23:38:46,-08:00,2025-02-07T23:38:46-08:00,0,0
projects\projects.js,111,js,c8e19cb2,Zach,2025-02-07,23:38:46,-08:00,2025-02-07T23:38:46-08:00,0,25
projects\projects.js,112,js,c8e19cb2,Zach,2025-02-07,23:38:46,-08:00,2025-02-07T23:38:46-08:00,0,29
projects\projects.js,113,js,c8e19cb2,Zach,2025-02-07,23:38:46,-08:00,2025-02-07T23:38:46-08:00,0,43
projects\projects.js,114,js,c8e19cb2,Zach,2025-02-07,23:38:46,-08:00,2025-02-07T23:38:46-08:00,0,69
projects\projects.js,115,js,c8e19cb2,Zach,2025-02-07,23:38:46,-08:00,2025-02-07T23:38:46-08:00,0,54
projects\projects.js,116,js,c8e19cb2,Zach,2025-02-07,23:38:46,-08:00,2025-02-07T23:38:46-08:00,0,19
projects\projects.js,117,js,c8e19cb2,Zach,2025-02-07,23:38:46,-08:00,2025-02-07T23:38:46-08:00,0,48
projects\projects.js,118,js,c8e19cb2,Zach,2025-02-07,23:38:46,-08:00,2025-02-07T23:38:46-08:00,0,21
projects\projects.js,119,js,c8e19cb2,Zach,2025-02-07,23:38:46,-08:00,2025-02-07T23:38:46-08:00,0,2
projects\projects.js,120,js,c8e19cb2,Zach,2025-02-07,23:38:46,-08:00,2025-02-07T23:38:46-08:00,0,2
projects\projects.js,121,js,c8e19cb2,Zach,2025-02-07,23:38:46,-08:00,2025-02-07T23:38:46-08:00,0,0
projects\projects.js,122,js,c8e19cb2,Zach,2025-02-07,23:38:46,-08:00,2025-02-07T23:38:46-08:00,0,0
projects\projects.js,123,js,c8e19cb2,Zach,2025-02-07,23:38:46,-08:00,2025-02-07T23:38:46-08:00,0,43
projects\projects.js,124,js,c8e19cb2,Zach,2025-02-07,23:38:46,-08:00,2025-02-07T23:38:46-08:00,0,31
projects\projects.js,125,js,c8e19cb2,Zach,2025-02-07,23:38:46,-08:00,2025-02-07T23:38:46-08:00,0,62
projects\projects.js,126,js,c8e19cb2,Zach,2025-02-07,23:38:46,-08:00,2025-02-07T23:38:46-08:00,0,0
projects\projects.js,127,js,c8e19cb2,Zach,2025-02-07,23:38:46,-08:00,2025-02-07T23:38:46-08:00,0,41
projects\projects.js,128,js,c8e19cb2,Zach,2025-02-07,23:38:46,-08:00,2025-02-07T23:38:46-08:00,0,0
projects\projects.js,129,js,c8e19cb2,Zach,2025-02-07,23:38:46,-08:00,2025-02-07T23:38:46-08:00,0,55
projects\projects.js,130,js,c8e19cb2,Zach,2025-02-07,23:38:46,-08:00,2025-02-07T23:38:46-08:00,0,90
projects\projects.js,131,js,c8e19cb2,Zach,2025-02-07,23:38:46,-08:00,2025-02-07T23:38:46-08:00,0,0
projects\projects.js,132,js,c8e19cb2,Zach,2025-02-07,23:38:46,-08:00,2025-02-07T23:38:46-08:00,0,29
projects\projects.js,133,js,c8e19cb2,Zach,2025-02-07,23:38:46,-08:00,2025-02-07T23:38:46-08:00,0,105
projects\projects.js,134,js,c8e19cb2,Zach,2025-02-07,23:38:46,-08:00,2025-02-07T23:38:46-08:00,0,0
projects\projects.js,135,js,c8e19cb2,Zach,2025-02-07,23:38:46,-08:00,2025-02-07T23:38:46-08:00,0,20
projects\projects.js,136,js,c8e19cb2,Zach,2025-02-07,23:38:46,-08:00,2025-02-07T23:38:46-08:00,0,0
projects\projects.js,137,js,c8e19cb2,Zach,2025-02-07,23:38:46,-08:00,2025-02-07T23:38:46-08:00,0,26
projects\projects.js,138,js,c8e19cb2,Zach,2025-02-07,23:38:46,-08:00,2025-02-07T23:38:46-08:00,0,41
projects\projects.js,139,js,c8e19cb2,Zach,2025-02-07,23:38:46,-08:00,2025-02-07T23:38:46-08:00,0,59
projects\projects.js,140,js,c8e19cb2,Zach,2025-02-07,23:38:46,-08:00,2025-02-07T23:38:46-08:00,0,7
projects\projects.js,141,js,c8e19cb2,Zach,2025-02-07,23:38:46,-08:00,2025-02-07T23:38:46-08:00,0,49
projects\projects.js,142,js,c8e19cb2,Zach,2025-02-07,23:38:46,-08:00,2025-02-07T23:38:46-08:00,0,44
projects\projects.js,143,js,c8e19cb2,Zach,2025-02-07,23:38:46,-08:00,2025-02-07T23:38:46-08:00,0,74
projects\projects.js,144,js,c8e19cb2,Zach,2025-02-07,23:38:46,-08:00,2025-02-07T23:38:46-08:00,0,0
projects\projects.js,145,js,c8e19cb2,Zach,2025-02-07,23:38:46,-08:00,2025-02-07T23:38:46-08:00,0,44
projects\projects.js,146,js,c8e19cb2,Zach,2025-02-07,23:38:46,-08:00,2025-02-07T23:38:46-08:00,0,80
projects\projects.js,147,js,c8e19cb2,Zach,2025-02-07,23:38:46,-08:00,2025-02-07T23:38:46-08:00,0,81
projects\projects.js,148,js,c8e19cb2,Zach,2025-02-07,23:38:46,-08:00,2025-02-07T23:38:46-08:00,0,0
projects\projects.js,149,js,c8e19cb2,Zach,2025-02-07,23:38:46,-08:00,2025-02-07T23:38:46-08:00,0,0
projects\projects.js,150,js,c8e19cb2,Zach,2025-02-07,23:38:46,-08:00,2025-02-07T23:38:46-08:00,0,63
projects\projects.js,151,js,c8e19cb2,Zach,2025-02-07,23:38:46,-08:00,2025-02-07T23:38:46-08:00,0,71
projects\projects.js,152,js,c8e19cb2,Zach,2025-02-07,23:38:46,-08:00,2025-02-07T23:38:46-08:00,0,74
projects\projects.js,153,js,c8e19cb2,Zach,2025-02-07,23:38:46,-08:00,2025-02-07T23:38:46-08:00,0,0
projects\projects.js,154,js,c8e19cb2,Zach,2025-02-07,23:38:46,-08:00,2025-02-07T23:38:46-08:00,0,0
projects\projects.js,155,js,c8e19cb2,Zach,2025-02-07,23:38:46,-08:00,2025-02-07T23:38:46-08:00,0,27
projects\projects.js,156,js,c8e19cb2,Zach,2025-02-07,23:38:46,-08:00,2025-02-07T23:38:46-08:00,0,56
projects\projects.js,157,js,c8e19cb2,Zach,2025-02-07,23:38:46,-08:00,2025-02-07T23:38:46-08:00,0,49
projects\projects.js,158,js,c8e19cb2,Zach,2025-02-07,23:38:46,-08:00,2025-02-07T23:38:46-08:00,0,40
projects\projects.js,159,js,c8e19cb2,Zach,2025-02-07,23:38:46,-08:00,2025-02-07T23:38:46-08:00,0,0
projects\projects.js,160,js,c8e19cb2,Zach,2025-02-07,23:38:46,-08:00,2025-02-07T23:38:46-08:00,0,50
projects\projects.js,161,js,c8e19cb2,Zach,2025-02-07,23:38:46,-08:00,2025-02-07T23:38:46-08:00,0,60
projects\projects.js,162,js,c8e19cb2,Zach,2025-02-07,23:38:46,-08:00,2025-02-07T23:38:46-08:00,0,29
projects\projects.js,163,js,c8e19cb2,Zach,2025-02-07,23:38:46,-08:00,2025-02-07T23:38:46-08:00,0,2
projects\projects.js,164,js,c8e19cb2,Zach,2025-02-07,23:38:46,-08:00,2025-02-07T23:38:46-08:00,0,0
projects\projects.js,165,js,c8e19cb2,Zach,2025-02-07,23:38:46,-08:00,2025-02-07T23:38:46-08:00,0,76
projects\projects.js,166,js,c8e19cb2,Zach,2025-02-07,23:38:46,-08:00,2025-02-07T23:38:46-08:00,0,74
projects\projects.js,167,js,c8e19cb2,Zach,2025-02-07,23:38:46,-08:00,2025-02-07T23:38:46-08:00,0,2
projects\projects.js,168,js,c8e19cb2,Zach,2025-02-07,23:38:46,-08:00,2025-02-07T23:38:46-08:00,0,0
projects\projects.js,169,js,c8e19cb2,Zach,2025-02-07,23:38:46,-08:00,2025-02-07T23:38:46-08:00,0,28
projects\projects.js,170,js,c8e19cb2,Zach,2025-02-07,23:38:46,-08:00,2025-02-07T23:38:46-08:00,0,14
projects\index.html,1,html,dcf11255,Zach,2025-01-18,21:06:19,-08:00,2025-01-18T21:06:19-08:00,0,14
projects\index.html,2,html,dcf11255,Zach,2025-01-18,21:06:19,-08:00,2025-01-18T21:06:19-08:00,0,15
projects\index.html,3,html,dcf11255,Zach,2025-01-18,21:06:19,-08:00,2025-01-18T21:06:19-08:00,0,5
projects\index.html,4,html,dcf11255,Zach,2025-01-18,21:06:19,-08:00,2025-01-18T21:06:19-08:00,0,21
projects\index.html,5,html,dcf11255,Zach,2025-01-18,21:06:19,-08:00,2025-01-18T21:06:19-08:00,0,69
projects\index.html,6,html,dcf11255,Zach,2025-01-18,21:06:19,-08:00,2025-01-18T21:06:19-08:00,0,22
projects\index.html,7,html,53001b09,ZachUCSD,2025-01-18,21:42:36,-08:00,2025-01-18T21:42:36-08:00,0,42
projects\index.html,8,html,4abac790,Zach,2025-02-02,23:39:30,-08:00,2025-02-02T23:39:30-08:00,0,55
projects\index.html,9,html,4abac790,Zach,2025-02-02,23:39:30,-08:00,2025-02-02T23:39:30-08:00,0,53
projects\index.html,10,html,dcf11255,Zach,2025-01-18,21:06:19,-08:00,2025-01-18T21:06:19-08:00,0,6
projects\index.html,11,html,dcf11255,Zach,2025-01-18,21:06:19,-08:00,2025-01-18T21:06:19-08:00,0,5
projects\index.html,12,html,dcf11255,Zach,2025-01-18,21:06:19,-08:00,2025-01-18T21:06:19-08:00,0,4
projects\index.html,13,html,dcf11255,Zach,2025-01-18,21:06:19,-08:00,2025-01-18T21:06:19-08:00,0,3
projects\index.html,14,html,4cf2a328,Zach,2025-01-24,13:51:26,-08:00,2025-01-24T13:51:26-08:00,0,35
projects\index.html,15,html,4cf2a328,Zach,2025-01-24,13:51:26,-08:00,2025-01-24T13:51:26-08:00,0,53
projects\index.html,16,html,53001b09,ZachUCSD,2025-01-18,21:42:36,-08:00,2025-01-18T21:42:36-08:00,0,51
projects\index.html,17,html,53001b09,ZachUCSD,2025-01-18,21:42:36,-08:00,2025-01-18T21:42:36-08:00,0,49
projects\index.html,18,html,4cf2a328,Zach,2025-01-24,13:51:26,-08:00,2025-01-24T13:51:26-08:00,0,76
projects\index.html,19,html,dcf11255,Zach,2025-01-18,21:06:19,-08:00,2025-01-18T21:06:19-08:00,0,4
projects\index.html,20,html,c8e19cb2,Zach,2025-02-07,23:38:46,-08:00,2025-02-07T23:38:46-08:00,0,5
projects\index.html,21,html,c8e19cb2,Zach,2025-02-07,23:38:46,-08:00,2025-02-07T23:38:46-08:00,0,16
projects\index.html,22,html,c8e19cb2,Zach,2025-02-07,23:38:46,-08:00,2025-02-07T23:38:46-08:00,0,12
projects\index.html,23,html,c8e19cb2,Zach,2025-02-07,23:38:46,-08:00,2025-02-07T23:38:46-08:00,0,27
projects\index.html,24,html,c8e19cb2,Zach,2025-02-07,23:38:46,-08:00,2025-02-07T23:38:46-08:00,0,32
projects\index.html,25,html,c8e19cb2,Zach,2025-02-07,23:38:46,-08:00,2025-02-07T23:38:46-08:00,0,1
projects\index.html,26,html,dcf11255,Zach,2025-01-18,21:06:19,-08:00,2025-01-18T21:06:19-08:00,0,5
projects\index.html,27,html,c8e19cb2,Zach,2025-02-07,23:38:46,-08:00,2025-02-07T23:38:46-08:00,0,22
projects\index.html,28,html,c8e19cb2,Zach,2025-02-07,23:38:46,-08:00,2025-02-07T23:38:46-08:00,0,55
projects\index.html,29,html,c8e19cb2,Zach,2025-02-07,23:38:46,-08:00,2025-02-07T23:38:46-08:00,0,23
projects\index.html,30,html,c8e19cb2,Zach,2025-02-07,23:38:46,-08:00,2025-02-07T23:38:46-08:00,0,5
projects\index.html,31,html,4abac790,Zach,2025-02-02,23:39:30,-08:00,2025-02-02T23:39:30-08:00,0,39
projects\index.html,32,html,4abac790,Zach,2025-02-02,23:39:30,-08:00,2025-02-02T23:39:30-08:00,0,21
projects\index.html,33,html,dcf11255,Zach,2025-01-18,21:06:19,-08:00,2025-01-18T21:06:19-08:00,0,5
projects\index.html,34,html,c8e19cb2,Zach,2025-02-07,23:38:46,-08:00,2025-02-07T23:38:46-08:00,0,0
projects\index.html,35,html,dcf11255,Zach,2025-01-18,21:06:19,-08:00,2025-01-18T21:06:19-08:00,0,0
projects\index.html,36,html,dcf11255,Zach,2025-01-18,21:06:19,-08:00,2025-01-18T21:06:19-08:00,0,35
projects\index.html,37,html,dcf11255,Zach,2025-01-18,21:06:19,-08:00,2025-01-18T21:06:19-08:00,0,0
projects\index.html,38,html,dcf11255,Zach,2025-01-18,21:06:19,-08:00,2025-01-18T21:06:19-08:00,0,6
projects\index.html,39,html,4abac790,Zach,2025-02-02,23:39:30,-08:00,2025-02-02T23:39:30-08:00,0,6
contact\index.html,1,html,dcf11255,Zach,2025-01-18,21:06:19,-08:00,2025-01-18T21:06:19-08:00,0,14
contact\index.html,2,html,dcf11255,Zach,2025-01-18,21:06:19,-08:00,2025-01-18T21:06:19-08:00,0,15
contact\index.html,3,html,dcf11255,Zach,2025-01-18,21:06:19,-08:00,2025-01-18T21:06:19-08:00,0,5
contact\index.html,4,html,dcf11255,Zach,2025-01-18,21:06:19,-08:00,2025-01-18T21:06:19-08:00,0,21
contact\index.html,5,html,dcf11255,Zach,2025-01-18,21:06:19,-08:00,2025-01-18T21:06:19-08:00,0,68
contact\index.html,6,html,dcf11255,Zach,2025-01-18,21:06:19,-08:00,2025-01-18T21:06:19-08:00,0,21
contact\index.html,7,html,4cf2a328,Zach,2025-01-24,13:51:26,-08:00,2025-01-24T13:51:26-08:00,0,42
contact\index.html,8,html,00000000,Not Committed Yet,2025-02-14,05:30:41,-08:00,2025-02-14T05:30:41-08:00,0,55
contact\index.html,9,html,dcf11255,Zach,2025-01-18,21:06:19,-08:00,2025-01-18T21:06:19-08:00,0,6
contact\index.html,10,html,dcf11255,Zach,2025-01-18,21:06:19,-08:00,2025-01-18T21:06:19-08:00,0,5
contact\index.html,11,html,dcf11255,Zach,2025-01-18,21:06:19,-08:00,2025-01-18T21:06:19-08:00,0,4
contact\index.html,12,html,dcf11255,Zach,2025-01-18,21:06:19,-08:00,2025-01-18T21:06:19-08:00,0,3
contact\index.html,13,html,4cf2a328,Zach,2025-01-24,13:51:26,-08:00,2025-01-24T13:51:26-08:00,0,35
contact\index.html,14,html,9c5689ab,ZachUCSD,2025-01-18,21:41:30,-08:00,2025-01-18T21:41:30-08:00,0,53
contact\index.html,15,html,4cf2a328,Zach,2025-01-24,13:51:26,-08:00,2025-01-24T13:51:26-08:00,0,51
contact\index.html,16,html,9c5689ab,ZachUCSD,2025-01-18,21:41:30,-08:00,2025-01-18T21:41:30-08:00,0,49
contact\index.html,17,html,4cf2a328,Zach,2025-01-24,13:51:26,-08:00,2025-01-24T13:51:26-08:00,0,76
contact\index.html,18,html,dcf11255,Zach,2025-01-18,21:06:19,-08:00,2025-01-18T21:06:19-08:00,0,4
contact\index.html,19,html,dcf11255,Zach,2025-01-18,21:06:19,-08:00,2025-01-18T21:06:19-08:00,0,5
contact\index.html,20,html,dcf11255,Zach,2025-01-18,21:06:19,-08:00,2025-01-18T21:06:19-08:00,0,0
contact\index.html,21,html,dcf11255,Zach,2025-01-18,21:06:19,-08:00,2025-01-18T21:06:19-08:00,0,15
contact\index.html,22,html,dcf11255,Zach,2025-01-18,21:06:19,-08:00,2025-01-18T21:06:19-08:00,0,0
contact\index.html,23,html,dcf11255,Zach,2025-01-18,21:06:19,-08:00,2025-01-18T21:06:19-08:00,0,81
contact\index.html,24,html,dcf11255,Zach,2025-01-18,21:06:19,-08:00,2025-01-18T21:06:19-08:00,0,32
contact\index.html,25,html,dcf11255,Zach,2025-01-18,21:06:19,-08:00,2025-01-18T21:06:19-08:00,0,35
contact\index.html,26,html,dcf11255,Zach,2025-01-18,21:06:19,-08:00,2025-01-18T21:06:19-08:00,0,0
contact\index.html,27,html,dcf11255,Zach,2025-01-18,21:06:19,-08:00,2025-01-18T21:06:19-08:00,0,33
contact\index.html,28,html,dcf11255,Zach,2025-01-18,21:06:19,-08:00,2025-01-18T21:06:19-08:00,0,23
contact\index.html,29,html,dcf11255,Zach,2025-01-18,21:06:19,-08:00,2025-01-18T21:06:19-08:00,0,0
contact\index.html,30,html,dcf11255,Zach,2025-01-18,21:06:19,-08:00,2025-01-18T21:06:19-08:00,0,30
contact\index.html,31,html,dcf11255,Zach,2025-01-18,21:06:19,-08:00,2025-01-18T21:06:19-08:00,0,32
contact\index.html,32,html,dcf11255,Zach,2025-01-18,21:06:19,-08:00,2025-01-18T21:06:19-08:00,0,0
contact\index.html,33,html,dcf11255,Zach,2025-01-18,21:06:19,-08:00,2025-01-18T21:06:19-08:00,0,20
contact\index.html,34,html,dcf11255,Zach,2025-01-18,21:06:19,-08:00,2025-01-18T21:06:19-08:00,0,0
contact\index.html,35,html,dcf11255,Zach,2025-01-18,21:06:19,-08:00,2025-01-18T21:06:19-08:00,0,6
contact\index.html,36,html,dcf11255,Zach,2025-01-18,21:06:19,-08:00,2025-01-18T21:06:19-08:00,0,0
contact\index.html,37,html,dcf11255,Zach,2025-01-18,21:06:19,-08:00,2025-01-18T21:06:19-08:00,0,34
contact\index.html,38,html,dcf11255,Zach,2025-01-18,21:06:19,-08:00,2025-01-18T21:06:19-08:00,0,0
contact\index.html,39,html,dcf11255,Zach,2025-01-18,21:06:19,-08:00,2025-01-18T21:06:19-08:00,0,6
contact\index.html,40,html,4abac790,Zach,2025-02-02,23:39:30,-08:00,2025-02-02T23:39:30-08:00,0,6
